time;nof_ue;dl_brate;ul_brate;proc_rmem;proc_rmem_kB;proc_vmem_kB;sys_mem;system_load;thread_count;cpu_0;cpu_1;cpu_2;cpu_3;cpu_4;cpu_5;cpu_6;cpu_7;cpu_8;cpu_9;cpu_10;cpu_11;cpu_12;cpu_13;cpu_14;cpu_15;cpu_16;cpu_17;cpu_18;cpu_19;cpu_20;cpu_21;cpu_22;cpu_23
0;0;0.0;0.0;0.0;0;0;0.0;0.0;0;0.0;0.0;0.0;0.0;0.0;0.0;0.0;0.0;0.0;0.0;0.0;0.0;0.0;0.0;0.0;0.0;0.0;0.0;0.0;0.0;0.0;0.0;0.0;0.0
1;0;0.0;0.0;3.3;1080344;1726904;32;0.84;14;1.3;1.3;3.8;0.0;3.8;1.3;8.9;0.0;8.9;1.3;6.3;1.3;14;1.3;6.3;1.3;1.3;1.3;1.3;0.0;1.3;0.0;1.3;1.3
2;0;0.0;0.0;3.3;1081136;1726904;32;0.50;14;1.00;0.0;3.0;0.0;2.0;0.0;8.0;0.0;2.0;0.0;2.0;0.0;3.0;0.0;2.0;2.0;2.0;1.00;1.00;0.0;0.0;0.0;0.0;0.0
3;0;0.0;0.0;3.3;1081136;1726904;32;0.50;14;0.90;1.9;1.9;0.0;2.9;0.0;6.9;0.0;2.9;0.0;2.9;0.90;3.9;0.0;1.9;1.9;0.0;0.0;0.0;0.90;0.0;0.90;0.0;0.0
4;0;0.0;0.0;3.3;1081136;1726904;32;0.38;14;2.0;1.00;1.00;0.0;2.0;0.0;5.0;0.0;3.0;2.0;2.0;0.0;5.0;0.0;3.0;2.0;1.00;0.0;0.0;0.0;1.00;0.0;0.0;0.0
5;0;0.0;0.0;3.3;1081136;1726904;32;0.50;14;2.0;1.00;2.0;0.0;1.00;0.0;6.0;0.0;2.0;0.0;3.0;0.0;4.0;0.0;2.0;1.00;1.00;1.00;1.00;0.0;0.0;0.0;0.0;0.0
6;0;0.0;0.0;3.3;1081136;1726904;32;0.46;14;0.90;0.90;0.90;0.0;0.90;0.0;6.9;0.0;2.9;0.0;2.9;0.0;4.9;0.0;2.9;1.9;1.9;0.90;0.0;0.0;0.0;0.0;0.0;0.0
7;0;0.0;0.0;3.3;1081136;1726904;32;0.54;14;0.0;0.0;1.00;0.0;5.0;0.0;7.0;0.0;4.0;1.00;2.0;0.0;3.0;0.0;2.0;3.0;2.0;1.00;0.0;0.0;0.0;0.0;0.0;0.0
8;0;0.0;0.0;3.3;1081136;1726904;32;0.50;14;0.90;0.90;0.90;0.0;3.9;0.0;5.9;0.0;2.9;0.90;2.9;0.0;3.9;0.0;2.9;0.90;2.9;1.9;0.0;0.0;0.90;0.90;0.0;0.0
9;0;0.0;0.0;3.3;1081136;1726904;32;0.50;14;1.00;2.0;2.0;0.0;5.0;0.0;8.0;0.0;5.0;1.00;6.0;0.0;7.0;0.0;5.0;2.0;2.0;0.0;1.00;0.0;0.0;0.0;0.0;0.0
10;0;0.0;0.0;3.3;1081136;1726904;32;0.46;14;1.9;0.90;0.90;0.0;0.90;0.0;6.9;0.90;3.9;0.0;2.9;0.0;5.9;0.0;3.9;1.9;1.9;0.90;0.0;0.90;0.90;0.0;0.0;0.0
11;0;0.0;0.0;3.3;1081136;1726904;32;0.46;14;0.90;0.0;1.9;0.0;2.9;0.0;7.9;0.0;4.9;0.90;2.9;0.0;4.9;0.0;3.9;0.90;1.9;0.0;0.90;0.0;0.0;0.0;0.0;0.0
12;0;0.0;0.0;3.3;1081136;1726904;32;0.42;14;0.0;0.0;1.00;0.0;2.0;0.0;7.0;0.0;3.0;1.00;3.0;0.0;6.0;0.0;3.0;3.0;1.00;1.00;0.0;0.0;1.00;0.0;0.0;0.0
13;0;0.0;0.0;3.3;1081136;1726904;32;0.46;14;0.90;0.0;1.9;0.0;2.9;0.0;7.9;0.0;3.9;0.90;5.9;0.0;6.9;0.0;3.9;1.9;2.9;0.0;0.0;0.0;0.0;0.90;0.0;0.0
14;0;0.0;0.0;3.3;1081136;1726904;32;0.46;14;2.0;0.0;2.0;0.0;2.0;0.0;8.0;0.0;5.0;1.00;5.0;0.0;8.0;0.0;4.0;2.0;3.0;1.00;1.00;1.00;1.00;0.0;0.0;0.0
15;0;0.0;0.0;3.3;1081136;1726904;32;0.42;14;0.90;0.0;2.9;0.0;1.9;0.0;6.9;0.0;2.9;0.0;2.9;0.0;1.9;0.0;2.9;0.90;0.0;0.0;0.90;0.0;0.0;0.0;0.0;0.0
16;0;0.0;0.0;3.3;1081136;1726904;32;0.46;14;3.0;0.0;1.00;0.0;3.0;0.0;7.0;0.0;2.0;1.00;2.0;0.0;4.0;0.0;2.0;2.0;1.00;1.00;2.0;0.0;0.0;0.0;0.0;0.0
17;0;0.0;0.0;3.3;1081136;1726904;32;0.42;14;0.0;0.0;2.9;0.0;2.9;0.0;7.9;0.0;1.9;0.0;2.9;0.0;3.9;0.0;0.90;1.9;1.9;0.90;0.90;0.0;0.0;0.0;0.0;0.0
18;0;0.0;0.0;3.3;1081136;1726904;32;0.46;14;0.0;0.0;0.0;0.0;3.0;0.0;9.0;0.0;4.0;1.00;1.00;0.0;2.0;0.0;1.00;1.00;1.00;2.0;2.0;0.0;0.0;0.0;0.0;0.0
19;0;0.0;0.0;3.3;1081136;1726904;32;0.50;14;1.00;0.0;1.00;0.0;3.0;0.0;7.0;0.0;4.0;0.0;2.0;0.0;5.0;0.0;1.00;2.0;1.00;1.00;1.00;0.0;0.0;0.0;0.0;0.0
20;0;0.0;0.0;3.3;1081136;1726904;32;0.42;14;0.90;0.0;0.0;0.0;1.9;0.0;7.9;0.0;3.9;0.90;3.9;0.0;2.9;0.0;1.9;1.9;1.9;0.0;0.90;0.0;0.0;0.0;0.0;0.0
21;0;0.0;0.0;3.3;1081136;1726904;32;0.46;14;3.0;0.0;0.0;0.0;1.00;0.0;5.0;0.0;4.0;0.0;3.0;0.0;4.0;0.0;2.0;2.0;1.00;1.00;2.0;1.00;0.0;0.0;0.0;0.0
22;0;0.0;0.0;3.3;1081136;1726904;32;0.54;14;1.9;0.0;2.9;0.0;1.9;0.0;5.9;0.0;1.9;0.0;1.9;0.0;4.9;0.0;2.9;1.9;0.90;0.0;0.90;0.0;0.0;0.0;0.0;0.0
23;0;0.0;0.0;3.3;1081136;1726904;32;0.50;14;2.0;0.0;2.0;0.0;2.0;0.0;6.0;0.0;2.0;1.00;2.0;0.0;4.0;0.0;4.0;1.00;1.00;0.0;1.00;1.00;1.00;0.0;0.0;0.0
24;0;0.0;0.0;3.3;1081136;1726904;32;1.2;14;1.9;0.90;0.90;0.0;2.9;0.0;18;0.0;7.9;0.0;9.9;0.0;7.9;0.0;3.9;2.9;0.90;0.90;0.0;0.90;0.0;0.0;0.0;0.0
25;0;0.0;0.0;3.3;1081400;1726904;32;3.5;14;0.0;0.0;2.0;0.0;5.0;0.0;60;0.0;11;1.00;29;1.00;35;0.0;6.0;4.0;3.0;1.00;0.0;1.00;0.0;0.0;0.0;0.0
26;0;0.0;0.0;3.3;1081928;1726904;32;3.2;14;3.9;0.0;4.9;0.0;2.9;0.0;54;0.0;21;0.0;22;1.9;20;0.0;5.9;5.9;2.9;0.90;0.90;0.90;0.0;0.0;0.0;0.0
27;0;0.0;0.0;3.3;1082192;1792440;32;3.7;14;1.00;0.0;6.0;0.0;5.0;0.0;65;0.0;36;1.00;34;1.00;7.0;0.0;5.0;4.0;3.0;0.0;0.0;2.0;0.0;0.0;0.0;0.0
28;0;0.0;0.0;3.3;1082720;1792440;32;3.8;14;3.9;0.0;3.9;0.0;2.9;0.0;67;0.0;39;0.90;29;3.9;5.9;0.0;5.9;4.9;5.9;0.90;0.90;0.90;0.0;0.90;0.0;0.0
29;0;0.0;0.0;3.3;1082984;1792440;32;3.7;14;6.0;0.0;4.0;0.0;4.0;0.0;65;0.0;34;0.0;15;0.0;28;0.0;6.0;5.0;2.0;0.0;0.0;1.00;0.0;0.0;0.0;0.0
30;0;0.0;0.0;3.3;1083512;1792440;32;3.7;14;1.00;0.0;4.0;0.0;4.0;0.0;66;0.0;38;1.00;14;2.0;27;0.0;6.0;5.0;4.0;1.00;1.00;0.0;0.0;0.0;0.0;0.0
31;0;0.0;0.0;3.3;1083776;1792440;32;3.7;14;2.9;0.0;4.9;0.0;3.9;0.0;67;0.0;43;0.0;15;1.9;14;0.0;7.9;3.9;2.9;0.90;0.90;1.9;0.0;0.0;0.0;0.0
32;0;0.0;0.0;3.3;1084564;1792440;32;3.9;14;4.9;0.0;6.9;0.0;5.9;0.0;66;0.0;41;0.90;13;0.0;17;0.0;4.9;4.9;6.9;2.9;0.90;0.90;1.9;0.0;0.0;0.0
33;0;0.0;0.0;3.3;1084828;1792440;32;3.8;14;1.00;0.0;4.0;0.0;8.0;0.0;66;0.0;52;0.0;12;5.0;6.0;0.0;5.0;5.0;6.0;3.0;0.0;2.0;0.0;0.0;0.0;0.0
34;0;0.0;0.0;3.3;1085620;1792440;32;3.7;14;2.9;0.0;1.9;0.0;0.90;0.0;66;0.0;65;0.90;5.9;0.0;7.9;0.0;7.9;4.9;1.9;3.9;1.9;1.9;0.0;0.0;0.90;0.0
35;0;0.0;0.0;3.3;1086148;1792440;32;3.8;14;1.00;0.0;2.0;0.0;4.0;0.0;66;0.0;43;0.0;30;1.00;7.0;0.0;6.0;4.0;4.0;1.00;2.0;0.0;0.0;0.0;0.0;0.0
36;0;0.0;0.0;3.3;1086412;1792440;32;3.7;14;0.90;0.0;2.9;0.0;3.9;0.0;65;0.0;22;0.90;51;3.9;7.9;0.0;4.9;4.9;1.9;2.9;1.9;0.0;0.0;0.0;0.90;0.0
37;0;0.0;0.0;3.3;1086940;1792440;32;3.8;14;0.0;0.0;3.0;0.0;8.0;0.0;66;0.0;19;0.0;54;3.0;6.0;0.0;4.0;5.0;2.0;3.0;1.00;2.0;0.0;0.0;0.0;0.0
38;0;0.0;0.0;3.3;1087204;1792440;32;3.8;14;5.0;0.0;5.0;1.00;3.0;0.0;66;0.0;54;1.00;15;3.0;5.0;0.0;6.0;5.0;5.0;2.0;2.0;1.00;0.0;0.0;0.0;0.0
39;0;0.0;0.0;3.3;1087732;1792440;32;3.8;14;2.9;0.0;0.90;0.0;1.9;0.0;64;0.0;15;0.90;61;4.9;6.9;0.0;3.9;5.9;1.9;1.9;0.90;1.9;0.0;0.90;0.90;0.0
40;0;0.0;0.0;3.3;1088256;1792440;32;3.8;14;3.0;0.0;2.0;0.0;2.0;0.0;66;0.0;40;1.00;30;3.0;6.0;0.0;9.0;4.0;4.0;1.00;0.0;1.00;0.0;0.0;0.0;0.0
41;0;0.0;0.0;3.3;1088784;1792440;33;3.7;14;3.9;0.90;2.9;0.0;3.9;0.0;65;0.0;41;0.90;15;2.9;20;0.90;4.9;4.9;3.9;0.90;0.0;1.9;0.0;0.0;0.0;0.0
42;0;0.0;0.0;3.3;1089312;1792440;33;3.8;14;1.00;0.0;3.0;0.0;3.0;0.0;68;0.0;38;0.0;8.0;2.0;32;0.0;4.0;5.0;4.0;2.0;2.0;1.00;2.0;0.0;0.0;0.0
43;0;0.0;0.0;3.3;1089576;1792440;33;3.7;14;3.9;0.0;0.90;0.0;0.90;0.0;65;0.0;45;0.90;9.9;2.9;26;0.90;3.9;3.9;3.9;0.90;0.0;0.0;0.90;0.0;0.0;0.0
44;0;0.0;0.0;3.3;1090104;1792440;33;3.8;14;11;0.0;4.0;0.0;3.0;0.0;66;0.0;32;0.0;11;3.0;29;0.0;12;6.0;1.00;2.0;1.00;0.0;2.0;0.0;0.0;0.0
45;0;0.0;0.0;3.3;1090368;1792440;33;3.6;14;2.0;0.0;2.0;0.0;4.0;0.0;64;0.0;34;1.00;13;3.0;30;0.0;7.0;4.0;1.00;0.0;1.00;0.0;1.00;0.0;0.0;0.0
46;0;0.0;0.0;3.3;1090896;1792440;33;3.8;14;1.9;0.0;1.9;0.0;1.9;0.0;68;0.0;54;0.90;16;2.9;11;0.0;3.9;4.9;4.9;0.0;0.0;0.0;1.9;0.0;0.0;0.0
47;0;0.0;0.0;3.3;1091160;1792440;33;3.7;14;2.0;0.0;1.00;0.0;6.0;0.0;33;34;66;0.0;11;3.0;4.0;0.0;2.0;5.0;3.0;0.0;0.0;1.00;1.00;0.0;0.0;0.0
48;0;0.0;0.0;3.3;1091688;1792440;33;3.7;14;1.00;0.0;3.0;0.0;5.0;0.0;32;35;40;1.00;17;3.0;21;0.0;6.0;4.0;2.0;1.00;1.00;0.0;1.00;0.0;0.0;0.0
49;0;0.0;0.0;3.3;1091952;1792440;33;3.6;14;1.00;0.0;1.00;0.0;3.0;0.0;32;34;56;0.0;11;3.0;8.0;0.0;8.0;5.0;5.0;0.0;0.0;0.0;2.0;0.0;0.0;0.0
50;0;0.0;0.0;3.3;1092480;1792440;33;3.8;14;1.9;0.0;1.9;0.0;2.9;0.0;32;36;35;0.90;38;2.9;5.9;0.0;6.9;3.9;0.90;0.90;0.90;0.0;0.90;0.0;0.0;0.0
51;0;0.0;0.0;3.3;1093008;1792440;33;3.8;14;4.9;0.0;0.90;0.0;3.9;0.0;33;35;4.9;0.0;68;3.9;5.9;0.0;5.9;4.9;2.9;1.9;0.90;0.0;0.90;0.0;0.0;0.0
52;0;0.0;0.0;3.3;1093272;1792440;33;3.8;14;6.0;0.0;2.0;0.0;0.0;0.0;31;35;27;1.00;48;4.0;4.0;0.0;3.0;5.0;5.0;1.00;1.00;0.0;2.0;0.0;0.0;0.0
53;0;0.0;0.0;3.3;1093800;1792440;33;3.7;14;1.9;0.0;1.9;0.0;4.9;0.0;32;35;59;0.0;13;2.9;5.9;0.0;6.9;4.9;0.90;0.90;0.0;0.90;1.9;0.0;0.0;0.0
54;0;0.0;0.0;3.3;1094064;1792440;33;2.7;14;2.0;0.0;1.00;0.0;2.0;0.0;23;24;7.0;1.00;47;3.0;10;1.00;5.0;6.0;2.0;3.0;2.0;0.0;1.00;0.0;0.0;0.0
55;0;0.0;0.0;3.3;1094064;1792440;33;0.46;14;0.0;0.0;0.0;0.0;0.0;0.0;4.0;3.0;3.0;0.0;5.0;2.0;2.0;0.0;2.0;1.00;2.0;0.0;0.0;0.0;2.0;0.0;0.0;0.0
56;0;0.0;0.0;3.3;1094064;1792440;33;0.42;14;1.00;0.0;0.0;0.0;0.0;0.0;3.0;3.0;2.0;0.0;4.0;2.0;6.0;0.0;1.00;2.0;1.00;2.0;1.00;0.0;1.00;0.0;0.0;0.0
57;0;0.0;0.0;3.3;1094064;1792440;33;0.46;14;0.0;0.0;1.9;0.0;0.0;0.0;4.9;1.9;0.90;0.90;3.9;0.90;4.9;0.0;0.90;1.9;1.9;0.90;0.90;0.90;1.9;0.0;0.0;0.0
58;0;0.0;0.0;3.3;1094064;1792440;33;0.54;14;2.0;0.0;1.00;0.0;0.0;0.0;4.0;3.0;2.0;0.0;4.0;2.0;2.0;0.0;2.0;1.00;3.0;1.00;0.0;0.0;1.00;0.0;0.0;0.0
59;0;0.0;0.0;3.3;1094064;1792440;33;0.42;14;2.0;0.0;0.0;0.0;0.0;0.0;4.0;4.0;3.0;1.00;3.0;2.0;4.0;0.0;3.0;2.0;1.00;1.00;0.0;0.0;1.00;0.0;0.0;0.0
60;0;0.0;0.0;3.3;1094064;1792440;33;0.46;14;2.0;0.0;2.0;1.00;0.0;0.0;3.0;2.0;1.00;0.0;1.00;2.0;5.0;1.00;4.0;1.00;0.0;0.0;0.0;0.0;2.0;0.0;0.0;0.0
61;0;0.0;0.0;3.3;1094064;1792440;33;0.42;14;0.0;0.0;1.9;0.0;0.90;0.0;3.9;2.9;0.90;0.0;2.9;1.9;2.9;0.0;2.9;1.9;0.0;0.0;0.0;0.0;0.90;0.0;0.0;0.0
62;0;0.0;0.0;3.3;1094064;1792440;33;0.42;14;1.00;0.0;3.0;0.0;1.00;0.0;3.0;2.0;2.0;1.00;4.0;2.0;3.0;0.0;3.0;2.0;1.00;0.0;1.00;0.0;2.0;0.0;0.0;0.0
63;0;0.0;0.0;3.3;1094064;1792440;33;0.50;14;0.90;0.0;0.0;0.0;1.9;0.0;2.9;2.9;2.9;0.0;3.9;0.90;3.9;0.0;1.9;0.90;0.90;0.0;0.0;0.90;0.90;0.0;0.0;0.0
64;0;0.0;0.0;3.3;1094064;1792440;33;0.50;14;0.90;0.0;0.0;0.0;0.0;0.0;2.9;2.9;2.9;0.90;2.9;1.9;5.9;0.0;0.90;1.9;2.9;1.9;0.0;0.0;1.9;0.90;0.0;0.0
65;0;0.0;0.0;3.3;1094064;1792440;33;0.58;14;0.0;0.0;0.0;0.0;0.0;0.0;1.9;1.9;2.9;0.0;1.9;1.9;4.9;0.0;2.9;1.9;2.9;1.9;0.0;0.0;0.90;0.0;0.0;0.0
66;0;0.0;0.0;3.3;1094064;1792440;33;0.42;14;1.00;0.0;1.00;0.0;0.0;0.0;4.0;3.0;3.0;0.0;4.0;2.0;5.0;0.0;2.0;1.00;1.00;0.0;0.0;0.0;1.00;0.0;0.0;0.0
67;0;0.0;0.0;3.3;1094064;1792440;33;0.46;14;2.0;0.0;1.00;0.0;0.0;0.0;2.0;3.0;3.0;1.00;3.0;1.00;4.0;0.0;2.0;2.0;1.00;0.0;0.0;0.0;2.0;0.0;0.0;0.0
68;0;0.0;0.0;3.3;1094064;1792440;33;0.46;14;0.90;0.0;0.0;0.0;0.0;0.0;2.9;1.9;2.9;0.0;1.9;1.9;4.9;0.0;2.9;0.90;0.90;0.90;0.90;0.0;0.90;0.0;0.0;0.0
69;0;0.0;0.0;3.3;1094064;1792440;33;0.42;14;1.9;0.90;0.0;0.0;0.0;0.0;2.9;2.9;2.9;0.90;2.9;1.9;4.9;0.0;3.9;1.9;0.90;0.90;0.0;0.0;1.9;0.0;0.0;0.0
70;0;0.0;0.0;3.3;1094064;1792440;33;0.46;14;2.0;0.0;0.0;0.0;0.0;0.0;3.0;2.0;3.0;0.0;2.0;1.00;5.0;1.00;1.00;2.0;2.0;0.0;0.0;0.0;1.00;0.0;0.0;0.0
71;0;0.0;0.0;3.3;1094064;1792440;33;0.46;14;1.9;0.90;0.90;0.0;0.0;0.0;2.9;2.9;2.9;0.0;1.9;1.9;3.9;0.0;2.9;0.90;1.9;0.90;0.0;0.90;1.9;0.0;0.0;0.0
72;0;0.0;0.0;3.3;1094064;1792440;33;0.46;14;2.0;0.0;0.0;0.0;0.0;0.0;3.0;3.0;4.0;1.00;2.0;2.0;5.0;0.0;2.0;2.0;3.0;0.0;0.0;0.0;1.00;0.0;0.0;0.0
73;0;0.0;0.0;3.3;1094064;1792440;33;0.50;14;0.90;0.0;0.0;0.0;0.0;0.0;5.9;2.9;1.9;0.0;1.9;1.9;4.9;0.0;0.90;1.9;3.9;0.90;0.90;0.0;0.90;0.0;0.0;0.0
74;0;0.0;0.0;3.3;1094064;1792440;33;0.50;14;0.0;0.0;0.0;0.0;0.0;0.0;4.0;2.0;3.0;1.00;2.0;1.00;5.0;0.0;2.0;1.00;4.0;1.00;0.0;0.0;1.00;0.0;0.0;0.0
75;0;0.0;0.0;3.3;1094064;1792440;33;0.54;14;2.9;0.0;0.0;0.0;0.90;0.0;2.9;2.9;2.9;0.0;2.9;1.9;3.9;0.0;1.9;1.9;2.9;0.0;0.0;0.0;0.90;0.0;0.0;0.0
76;0;0.0;0.0;3.3;1094064;1792440;33;0.42;14;3.0;0.0;0.0;0.0;0.0;0.0;3.0;2.0;3.0;1.00;3.0;2.0;4.0;0.0;2.0;1.00;1.00;1.00;0.0;0.0;2.0;0.0;0.0;0.0
77;0;0.0;0.0;3.3;1094064;1792440;33;0.54;14;1.00;0.0;1.00;0.0;0.0;0.0;3.0;3.0;3.0;0.0;3.0;2.0;6.0;0.0;2.0;2.0;2.0;0.0;0.0;0.0;1.00;0.0;0.0;0.0
78;0;0.0;0.0;3.3;1094064;1792440;33;0.67;14;0.90;0.0;0.0;0.0;0.0;0.0;2.9;2.9;2.9;0.0;1.9;0.90;5.9;0.0;2.9;1.9;3.9;1.9;0.90;0.0;0.90;0.0;0.0;0.0
79;0;0.0;0.0;3.3;1094064;1792440;33;0.54;14;2.0;0.0;3.0;0.0;2.0;0.0;2.0;2.0;3.0;1.00;0.0;2.0;4.0;0.0;3.0;1.00;0.0;0.0;0.0;1.00;2.0;0.0;1.00;0.0
80;0;0.0;0.0;3.3;1094064;1792440;33;0.50;14;0.0;0.0;1.00;0.0;2.0;0.0;3.0;3.0;2.0;0.0;0.0;2.0;5.0;0.0;2.0;2.0;3.0;1.00;0.0;0.0;1.00;0.0;0.0;0.0
81;0;0.0;0.0;3.3;1094064;1792440;33;0.58;14;0.90;0.0;0.0;0.0;0.0;0.0;2.9;2.9;2.9;0.0;2.9;0.90;5.9;0.0;1.9;1.9;2.9;1.9;0.0;0.0;1.9;0.0;0.0;0.0
82;0;0.0;0.0;3.3;1094064;1792440;33;0.46;14;0.0;0.0;0.0;0.0;0.0;0.0;3.0;2.0;3.0;0.0;3.0;2.0;6.0;0.0;2.0;1.00;1.00;1.00;0.0;0.0;1.00;0.0;0.0;0.0
83;0;0.0;0.0;3.3;1094064;1792440;33;0.54;14;0.0;0.0;0.90;0.0;1.9;0.0;4.9;2.9;2.9;0.0;1.9;1.9;2.9;0.0;2.9;1.9;1.9;0.90;0.0;0.0;0.90;0.0;0.0;0.0
84;0;0.0;0.0;3.3;1094064;1792440;33;0.54;14;0.0;0.0;0.0;0.0;1.00;0.0;4.0;3.0;1.00;0.0;3.0;2.0;4.0;0.0;4.0;2.0;1.00;1.00;1.00;0.0;2.0;0.0;0.0;0.0
85;0;0.0;0.0;3.3;1094064;1792440;33;0.42;14;0.0;0.0;0.0;0.0;0.0;0.0;2.9;1.9;3.9;0.0;4.9;1.9;5.9;0.0;0.90;1.9;0.90;0.90;0.0;0.0;0.90;0.0;0.0;0.0
86;0;0.0;0.0;3.3;1094064;1792440;33;0.42;14;0.0;0.0;0.90;0.0;0.0;0.0;2.9;2.9;2.9;0.0;2.9;1.9;2.9;0.0;2.9;0.90;3.9;0.90;0.90;0.0;0.0;0.0;0.0;0.0
87;0;0.0;0.0;3.3;1094064;1792440;33;0.46;14;3.0;0.0;0.0;0.0;0.0;0.0;3.0;2.0;3.0;0.0;3.0;1.00;5.0;0.0;2.0;2.0;2.0;0.0;0.0;0.0;1.00;0.0;0.0;0.0
88;0;0.0;0.0;3.3;1094064;1792440;33;0.42;14;0.0;0.0;0.0;0.0;0.0;0.0;2.9;2.9;2.9;0.0;0.90;1.9;4.9;0.0;3.9;0.90;0.90;0.0;0.0;0.0;1.9;0.0;0.0;0.0
89;0;0.0;0.0;3.3;1094064;1792440;33;0.38;14;1.00;0.0;1.00;0.0;0.0;0.0;3.0;3.0;2.0;0.0;2.0;2.0;6.0;0.0;4.0;2.0;2.0;1.00;0.0;1.00;1.00;0.0;0.0;0.0
90;0;0.0;0.0;3.3;1094064;1792440;33;0.46;14;0.0;0.0;0.0;0.0;0.0;0.0;3.0;2.0;4.0;1.00;2.0;1.00;6.0;0.0;2.0;2.0;0.0;0.0;0.0;0.0;1.00;0.0;0.0;0.0
91;0;0.0;0.0;3.3;1094064;1792440;33;0.54;14;0.0;0.0;1.00;0.0;0.0;0.0;3.0;3.0;5.0;0.0;2.0;2.0;6.0;0.0;1.00;1.00;4.0;0.0;0.0;0.0;0.0;0.0;0.0;0.0
92;0;0.0;0.0;3.3;1094064;1792440;33;0.54;14;0.0;0.0;0.0;0.0;0.0;0.0;3.9;2.9;3.9;0.0;0.90;1.9;4.9;0.0;1.9;1.9;3.9;0.0;0.0;0.0;0.90;0.0;0.0;0.0
93;0;0.0;0.0;3.3;1094064;1792440;33;0.50;14;0.0;0.0;0.90;0.0;0.0;0.0;2.9;1.9;4.9;0.0;1.9;1.9;6.9;0.0;0.90;1.9;2.9;0.0;0.90;0.0;0.90;0.0;0.0;0.0
94;0;0.0;0.0;3.3;1094064;1792440;33;0.54;14;0.0;0.0;0.0;0.0;0.0;0.0;6.0;4.0;3.0;0.0;1.00;1.00;4.0;0.0;1.00;1.00;2.0;0.0;0.0;0.0;2.0;0.0;0.0;0.0
95;0;0.0;0.0;3.3;1094064;1792440;33;0.50;14;0.0;0.0;0.0;0.0;0.0;0.0;5.0;3.0;5.0;0.0;2.0;2.0;3.0;0.0;3.0;2.0;4.0;0.0;0.0;0.0;1.00;0.0;0.0;0.0
96;0;0.0;0.0;3.3;1094064;1792440;33;0.38;14;0.0;0.0;1.9;0.0;0.90;0.0;3.9;1.9;3.9;0.0;0.90;1.9;3.9;0.0;1.9;1.9;0.90;0.0;0.0;0.0;0.90;0.0;0.0;0.0
97;0;0.0;0.0;3.3;1094064;1792440;33;0.46;14;1.00;0.0;0.0;0.0;0.0;0.0;5.0;3.0;4.0;0.0;3.0;2.0;4.0;0.0;2.0;1.00;2.0;0.0;0.0;0.0;2.0;0.0;0.0;0.0
98;0;0.0;0.0;3.3;1094064;1792440;33;0.46;14;0.0;0.0;0.0;0.0;0.0;0.0;4.0;3.0;3.0;0.0;3.0;1.00;4.0;0.0;2.0;2.0;2.0;1.00;0.0;0.0;1.00;0.0;0.0;0.0
99;0;0.0;0.0;3.3;1094064;1792440;33;0.50;14;2.0;0.0;1.00;0.0;0.0;0.0;4.0;3.0;3.0;0.0;2.0;2.0;4.0;0.0;3.0;1.00;1.00;0.0;0.0;0.0;2.0;0.0;0.0;0.0
100;0;0.0;0.0;3.3;1094064;1792440;33;0.42;14;0.90;0.0;0.90;0.0;0.0;0.0;3.9;1.9;2.9;0.0;1.9;1.9;3.9;0.90;1.9;1.9;0.90;0.0;0.0;0.0;0.90;0.0;0.0;0.0
101;0;0.0;0.0;3.3;1094064;1792440;33;0.46;14;0.90;0.0;0.0;0.0;0.0;0.0;3.9;2.9;1.9;0.0;2.9;0.90;3.9;0.0;2.9;1.9;1.9;0.0;0.0;0.0;0.90;0.0;0.0;0.0
102;0;0.0;0.0;3.3;1094064;1792440;33;0.46;14;0.90;0.0;0.90;0.0;0.0;0.0;2.9;2.9;1.9;0.0;1.9;1.9;4.9;0.0;0.90;0.90;1.9;3.9;0.90;0.90;1.9;0.0;0.0;0.0
103;0;0.0;0.0;3.3;1094064;1792440;33;0.50;14;0.0;0.0;2.0;0.0;0.0;0.0;4.0;2.0;3.0;1.00;3.0;2.0;5.0;0.0;1.00;2.0;0.0;0.0;0.0;0.0;1.00;0.0;0.0;0.0
104;0;0.0;0.0;3.3;1094064;1792440;33;0.42;14;0.0;0.0;2.9;0.0;0.0;0.0;3.9;2.9;2.9;0.0;1.9;1.9;4.9;0.0;0.90;0.90;0.90;0.0;0.0;0.0;0.90;0.0;0.0;0.0
105;0;0.0;0.0;3.3;1094064;1792440;33;0.42;14;0.90;0.0;0.90;0.0;0.90;0.0;2.9;1.9;2.9;0.90;3.9;0.90;6.9;0.0;1.9;1.9;0.90;0.90;0.0;0.0;0.0;0.0;0.0;0.0
106;0;0.0;0.0;3.3;1094064;1792440;33;0.54;14;0.0;0.0;0.90;0.0;0.0;0.0;2.9;2.9;2.9;0.0;3.9;1.9;4.9;0.0;0.90;1.9;2.9;0.0;0.0;0.0;0.0;0.0;0.0;0.0
107;0;0.0;0.0;3.3;1094064;1792440;33;0.46;14;0.0;0.0;0.0;0.0;0.0;0.0;3.0;3.0;2.0;0.0;4.0;2.0;5.0;0.0;3.0;2.0;3.0;1.00;1.00;0.0;0.0;0.0;0.0;0.0
108;0;0.0;0.0;3.3;1094064;1792440;33;0.46;14;1.00;0.0;1.00;0.0;0.0;0.0;4.0;2.0;1.00;1.00;2.0;2.0;4.0;0.0;3.0;2.0;2.0;0.0;0.0;0.0;1.00;0.0;0.0;0.0
109;0;0.0;0.0;3.3;1094064;1792440;33;0.54;14;2.0;0.0;0.0;0.0;0.0;0.0;3.0;3.0;3.0;1.00;2.0;1.00;5.0;0.0;3.0;2.0;2.0;1.00;0.0;0.0;0.0;0.0;0.0;0.0
110;0;0.0;0.0;3.3;1094064;1792440;33;0.46;14;0.0;0.0;0.0;0.0;1.00;0.0;4.0;3.0;4.0;0.0;2.0;2.0;4.0;0.0;3.0;2.0;3.0;3.0;0.0;0.0;0.0;0.0;0.0;0.0
111;0;0.0;0.0;3.3;1094064;1792440;33;0.46;14;2.9;0.0;0.90;0.0;0.0;0.0;5.9;2.9;2.9;0.90;0.90;1.9;1.9;0.0;2.9;0.90;0.0;0.90;0.0;0.0;0.0;0.90;0.0;0.0
112;0;0.0;0.0;3.3;1094064;1792440;33;0.50;14;2.0;0.0;0.0;0.0;0.0;0.0;6.0;2.0;3.0;0.0;1.00;1.00;4.0;0.0;2.0;2.0;2.0;2.0;0.0;0.0;0.0;0.0;0.0;0.0
113;0;0.0;0.0;3.3;1094064;1792440;33;0.54;14;3.0;0.0;2.0;0.0;0.0;0.0;4.0;3.0;3.0;0.0;2.0;2.0;5.0;0.0;2.0;2.0;2.0;1.00;1.00;0.0;0.0;0.0;0.0;0.0
114;0;0.0;0.0;3.3;1094064;1792440;33;0.54;14;0.0;0.0;0.90;0.0;1.9;0.0;3.9;2.9;1.9;0.90;0.0;1.9;6.9;0.0;1.9;0.90;3.9;1.9;1.9;0.90;0.0;0.90;0.0;0.0
115;0;0.0;0.0;3.3;1094064;1792440;33;0.54;14;1.00;0.0;0.0;0.0;1.00;0.0;3.0;2.0;4.0;0.0;2.0;1.00;4.0;0.0;1.00;2.0;4.0;3.0;1.00;0.0;0.0;0.0;0.0;0.0
116;0;0.0;0.0;3.3;1094064;1792440;33;0.46;14;0.0;0.0;0.0;0.0;0.0;0.0;5.0;3.0;2.0;0.0;4.0;1.00;5.0;0.0;3.0;2.0;2.0;1.00;1.00;0.0;0.0;0.0;0.0;0.0
117;0;0.0;0.0;3.3;1094064;1792440;33;0.50;14;0.0;0.0;0.90;0.0;0.0;0.0;4.9;2.9;2.9;0.90;2.9;0.0;5.9;0.0;2.9;0.90;3.9;0.90;1.9;0.0;0.0;0.0;0.0;0.0
118;0;0.0;0.0;3.3;1094064;1792440;33;0.42;14;0.90;0.90;2.9;0.0;1.9;0.0;4.9;1.9;0.0;0.0;2.9;0.0;4.9;0.0;0.90;1.9;0.90;0.0;0.90;0.0;0.0;0.0;0.0;0.90
119;0;0.0;0.0;3.3;1094064;1792440;33;2.1;14;1.9;0.0;2.9;0.0;2.9;0.0;18;19;6.9;0.90;18;0.0;21;1.9;3.9;2.9;2.9;0.0;2.9;0.0;0.0;0.0;0.0;0.0
120;0;0.0;0.0;3.4;1094592;1792440;33;2.5;14;2.9;0.0;1.9;0.0;2.9;0.90;23;24;15;0.0;11;0.0;28;0.0;4.9;2.9;0.90;0.90;0.90;0.0;0.0;0.0;0.0;0.90
121;0;0.0;0.0;3.4;1094856;1792440;33;2.6;14;3.0;0.0;2.0;0.0;5.0;0.0;23;24;5.0;0.0;16;0.0;30;0.0;6.0;4.0;2.0;0.0;0.0;0.0;0.0;0.0;1.00;0.0
122;0;0.0;0.0;3.4;1095120;1792440;34;2.7;14;1.9;0.0;3.9;0.0;4.9;0.0;23;24;5.9;0.90;11;0.0;36;0.0;3.9;3.9;2.9;0.90;0.90;0.0;0.0;0.0;0.90;0.0
123;0;0.0;0.0;3.4;1095384;1792440;34;2.7;14;3.0;0.0;3.0;0.0;4.0;0.0;22;25;4.0;0.0;22;1.00;27;0.0;6.0;3.0;2.0;0.0;0.0;0.0;0.0;0.0;2.0;0.0
124;0;0.0;0.0;3.4;1095648;1792440;34;2.7;14;3.9;0.0;3.9;0.0;1.9;0.0;25;26;5.9;0.90;25;1.9;26;0.0;4.9;3.9;1.9;0.0;1.9;0.90;0.90;0.0;0.0;0.0
125;0;0.0;0.0;3.4;1096176;1792440;34;2.5;14;1.00;0.0;2.0;0.0;3.0;0.0;22;22;6.0;0.0;33;2.0;14;1.00;4.0;4.0;1.00;1.00;1.00;0.0;0.0;0.0;0.0;0.0
126;0;0.0;0.0;3.4;1096440;1792440;34;2.5;14;1.00;0.0;3.0;1.00;3.0;0.0;22;24;8.0;1.00;12;0.0;38;0.0;3.0;3.0;1.00;0.0;2.0;0.0;0.0;0.0;0.0;0.0
127;0;0.0;0.0;3.4;1096704;1792440;34;2.5;14;2.9;0.0;3.9;0.0;1.9;0.0;22;24;6.9;0.0;14;0.0;36;0.0;2.9;3.9;0.90;0.0;0.0;0.0;0.0;0.0;0.90;0.0
128;0;0.0;0.0;3.4;1096968;1792440;34;2.8;14;7.9;0.0;4.9;0.0;7.9;0.0;23;25;5.9;0.90;16;0.90;24;0.0;3.9;3.9;2.9;0.90;0.90;0.0;0.0;0.0;0.90;0.0
129;0;0.0;0.0;3.4;1097232;1792440;34;2.7;14;1.9;0.0;3.9;0.0;1.9;0.0;22;25;12;0.0;5.9;0.0;36;0.90;3.9;3.9;4.9;0.90;2.9;0.90;0.0;0.0;1.9;0.0
130;0;0.0;0.0;3.4;1097496;1792440;34;2.8;14;5.0;0.0;4.0;0.0;3.0;0.0;24;25;17;1.00;12;0.0;22;0.0;5.0;4.0;3.0;0.0;1.00;0.0;0.0;0.0;2.0;0.0
131;0;0.0;0.0;3.4;1097760;1792440;34;2.9;14;0.0;0.90;7.9;0.0;4.9;0.0;24;26;22;0.0;5.9;2.9;23;0.90;5.9;3.9;5.9;0.0;0.0;0.0;0.0;0.0;0.90;0.0
132;0;0.0;0.0;3.4;1098024;1792440;34;2.6;14;2.0;0.0;4.0;0.0;4.0;0.0;25;25;4.0;1.00;17;1.00;32;1.00;4.0;4.0;0.0;1.00;0.0;0.0;0.0;0.0;1.00;0.0
133;0;0.0;0.0;3.4;1098288;1792440;34;2.6;14;1.9;0.0;6.9;0.0;5.9;0.90;21;24;6.9;0.0;6.9;1.9;31;0.90;3.9;2.9;2.9;0.90;0.90;0.0;0.0;0.0;1.9;0.0
134;0;0.0;0.0;3.4;1098552;1792440;34;2.5;14;0.90;0.0;1.9;0.0;7.9;0.0;22;24;4.9;0.90;3.9;2.9;40;0.0;2.9;3.9;1.9;1.9;0.0;0.0;0.0;0.0;0.90;0.0
135;0;0.0;0.0;3.4;1098816;1792440;34;2.5;14;4.0;0.0;4.0;0.0;2.0;0.0;22;23;3.0;1.00;4.0;2.0;45;0.0;3.0;3.0;0.0;1.00;0.0;0.0;0.0;0.0;2.0;0.0
136;0;0.0;0.0;3.4;1098816;1792440;34;2.5;14;4.0;0.0;2.0;0.0;4.0;0.0;22;26;7.0;0.0;5.0;2.0;44;0.0;3.0;4.0;2.0;0.0;1.00;0.0;0.0;0.0;1.00;0.0
137;0;0.0;0.0;3.4;1099080;1792440;34;2.5;14;4.0;0.0;2.0;0.0;2.0;0.0;22;24;4.0;0.0;6.0;3.0;46;0.0;3.0;3.0;2.0;0.0;0.0;0.0;0.0;0.0;1.00;0.0
138;0;0.0;0.0;3.4;1099344;1792440;34;2.6;14;2.0;0.0;2.0;0.0;1.00;0.0;22;25;8.0;1.00;5.0;2.0;44;0.0;2.0;4.0;4.0;0.0;0.0;0.0;0.0;0.0;2.0;0.0
139;0;0.0;0.0;3.4;1099608;1792440;34;2.5;14;1.00;0.0;3.0;0.0;2.0;0.0;22;23;6.0;0.0;7.0;2.0;40;2.0;3.0;3.0;2.0;1.00;0.0;0.0;0.0;0.0;1.00;0.0
140;0;0.0;0.0;3.4;1099872;1792440;34;2.7;14;1.00;0.0;2.0;0.0;4.0;0.0;23;25;10;1.00;11;3.0;34;0.0;4.0;4.0;5.0;1.00;1.00;0.0;0.0;0.0;2.0;0.0
141;0;0.0;0.0;3.4;1100136;1792440;34;2.6;14;0.90;0.0;0.90;0.0;1.9;0.0;22;25;33;0.0;6.9;1.9;17;0.0;3.9;3.9;2.9;0.90;1.9;0.0;0.0;0.0;1.9;0.0
142;0;0.0;0.0;3.4;1100400;1792440;34;2.5;14;1.9;0.0;2.9;0.0;1.9;0.0;21;23;11;0.90;7.9;1.9;36;0.0;2.9;2.9;0.90;0.90;0.90;0.90;0.0;0.0;0.90;0.0
143;0;0.0;0.0;3.4;1100664;1792440;34;2.5;14;1.00;0.0;1.00;0.0;2.0;0.0;23;24;34;0.0;7.0;3.0;14;0.0;4.0;4.0;2.0;1.00;0.0;0.0;0.0;0.0;2.0;0.0
144;0;0.0;0.0;3.4;1100928;1792440;34;2.5;14;0.90;0.0;2.9;0.0;2.9;0.0;22;24;25;0.90;7.9;1.9;24;0.0;2.9;2.9;1.9;0.0;0.0;0.0;0.90;0.0;0.90;0.0
145;0;0.0;0.0;3.4;1101192;1792440;34;2.5;14;0.0;0.0;2.9;0.0;1.9;0.0;21;24;44;0.0;6.9;1.9;2.9;0.0;3.9;3.9;0.90;0.90;0.0;0.0;0.0;0.0;1.9;0.0
146;0;0.0;0.0;3.4;1101456;1792440;34;2.5;14;2.0;0.0;1.00;0.0;2.0;0.0;22;24;46;1.00;8.0;3.0;3.0;0.0;2.0;3.0;5.0;1.00;1.00;0.0;0.0;0.0;1.00;0.0
147;0;0.0;0.0;3.4;1101720;1792440;34;2.7;14;3.0;0.0;3.0;0.0;4.0;0.0;25;25;19;0.0;23;2.0;12;0.0;2.0;4.0;2.0;2.0;0.0;0.0;0.0;1.00;2.0;0.0
148;0;0.0;0.0;3.4;1101984;1792440;35;2.8;14;1.9;0.0;2.9;0.0;4.9;0.0;23;25;22;0.90;16;2.9;11;0.0;4.9;3.9;4.9;2.9;0.90;0.0;0.0;0.0;0.90;0.0
149;0;0.0;0.0;3.4;1101984;1792440;35;0.88;14;0.0;0.0;1.9;0.0;0.0;0.0;8.9;6.9;2.9;0.0;3.9;1.9;12;0.0;3.9;1.9;0.90;0.0;0.90;0.0;0.0;0.0;0.90;0.0
150;0;0.0;0.0;3.4;1101984;1792440;35;0.46;14;0.0;0.0;0.0;0.0;0.0;0.0;2.0;2.0;4.0;1.00;2.0;1.00;5.0;1.00;1.00;1.00;3.0;0.0;0.0;0.0;0.0;0.0;2.0;0.0
151;0;0.0;0.0;3.4;1101984;1792440;35;0.50;14;2.0;3.0;0.0;0.0;0.0;0.0;3.0;3.0;5.0;0.0;1.00;2.0;5.0;0.0;2.0;2.0;1.00;1.00;0.0;0.0;0.0;0.0;1.00;1.00
152;0;0.0;0.0;3.4;1101984;1792440;35;0.46;14;0.90;0.0;1.9;0.0;0.90;0.0;2.9;2.9;1.9;0.90;2.9;1.9;5.9;0.0;2.9;1.9;1.9;0.0;0.0;0.0;0.0;0.0;0.90;0.0
153;0;0.0;0.0;3.4;1101984;1792440;35;0.50;14;1.00;0.0;2.0;0.0;1.00;0.0;4.0;2.0;3.0;0.0;1.00;2.0;4.0;0.0;3.0;1.00;3.0;1.00;1.00;1.00;0.0;0.0;1.00;0.0
154;0;0.0;0.0;3.4;1101984;1792440;35;0.50;14;1.9;0.0;0.0;0.0;1.9;0.0;4.9;3.9;1.9;0.0;1.9;0.90;3.9;0.0;1.9;1.9;0.90;0.0;0.0;0.90;0.0;0.0;0.0;0.0
155;0;0.0;0.0;3.4;1101984;1792440;35;0.46;14;0.0;0.0;0.90;0.0;0.0;0.0;4.9;3.9;0.90;0.90;2.9;1.9;4.9;0.90;1.9;1.9;0.90;0.90;0.0;0.0;0.90;0.0;0.0;0.0
156;0;0.0;0.0;3.4;1101984;1792440;35;0.46;14;1.00;1.00;0.0;0.0;0.0;0.0;3.0;6.0;2.0;0.0;2.0;2.0;6.0;0.0;3.0;1.00;0.0;0.0;1.00;0.0;0.0;0.0;0.0;0.0
157;0;0.0;0.0;3.4;1101984;1792440;35;0.42;14;0.0;0.0;1.00;0.0;0.0;0.0;6.0;2.0;2.0;1.00;3.0;2.0;5.0;0.0;2.0;2.0;1.00;0.0;0.0;0.0;0.0;0.0;0.0;0.0
158;0;0.0;0.0;3.4;1101984;1792440;35;0.58;14;0.90;0.0;0.90;0.0;0.0;0.0;3.9;2.9;0.90;0.0;1.9;0.90;5.9;0.0;1.9;0.90;1.9;1.9;0.90;0.0;0.0;0.0;0.0;0.0
159;0;0.0;0.0;3.4;1101984;1792440;35;0.50;14;1.00;0.0;3.0;0.0;1.00;0.0;3.0;3.0;2.0;1.00;3.0;2.0;4.0;0.0;2.0;2.0;3.0;1.00;1.00;0.0;0.0;0.0;0.0;0.0
160;0;0.0;0.0;3.4;1101984;1792440;35;0.50;14;0.90;0.0;0.90;0.0;1.9;0.0;5.9;1.9;1.9;0.0;0.0;1.9;5.9;0.0;1.9;1.9;0.90;1.9;0.90;0.90;0.0;0.0;0.90;0.0
161;0;0.0;0.0;3.4;1101984;1792440;35;0.46;14;1.00;0.0;1.00;0.0;0.0;0.0;6.0;3.0;3.0;1.00;1.00;1.00;5.0;0.0;2.0;1.00;2.0;0.0;0.0;0.0;0.0;0.0;0.0;0.0
162;0;0.0;0.0;3.4;1101984;1792440;35;0.46;14;0.0;0.0;1.00;0.0;0.0;0.0;4.0;3.0;4.0;0.0;3.0;2.0;4.0;0.0;2.0;2.0;4.0;0.0;0.0;0.0;0.0;0.0;0.0;0.0
163;0;0.0;0.0;3.4;1101984;1792440;35;0.50;14;0.0;0.0;0.90;0.0;0.90;0.0;3.9;2.9;2.9;0.0;2.9;1.9;4.9;0.0;3.9;1.9;2.9;0.90;0.0;0.0;0.90;0.90;0.90;0.0
164;0;0.0;0.0;3.4;1101984;1792440;35;0.54;14;0.0;0.0;0.0;0.0;1.00;0.0;3.0;3.0;3.0;1.00;3.0;2.0;4.0;0.0;2.0;1.00;3.0;1.00;2.0;0.0;0.0;0.0;0.0;0.0
165;0;0.0;0.0;3.4;1101984;1792440;35;0.50;14;1.00;0.0;2.0;0.0;0.0;0.0;3.0;4.0;1.00;0.0;4.0;1.00;6.0;0.0;2.0;2.0;3.0;1.00;0.0;0.0;0.0;0.0;0.0;0.0
166;0;0.0;0.0;3.4;1101984;1792440;35;0.58;14;0.0;0.0;0.90;0.0;0.90;0.90;3.9;2.9;3.9;3.9;2.9;2.9;5.9;0.0;3.9;1.9;1.9;2.9;1.9;0.0;0.0;0.0;0.0;0.0
167;0;0.0;0.0;3.4;1101984;1792440;35;1.1;14;1.9;0.0;2.9;0.0;0.90;0.0;8.9;8.9;14;0.0;2.9;1.9;4.9;0.0;3.9;1.9;2.9;1.9;0.0;0.0;0.0;0.0;0.0;0.0
168;0;0.0;0.0;3.4;1102248;1792440;35;1.3;14;1.9;0.90;2.9;0.0;1.9;0.0;11;8.9;5.9;0.90;5.9;1.9;12;0.0;2.9;2.9;4.9;0.90;0.90;0.90;0.0;0.0;0.0;0.0
169;0;0.0;0.0;3.4;1102248;1792440;35;1.2;14;2.0;0.0;2.0;0.0;2.0;0.0;10;9.0;4.0;1.00;7.0;2.0;13;0.0;3.0;2.0;3.0;1.00;1.00;1.00;2.0;0.0;0.0;0.0
170;0;0.0;0.0;3.4;1102512;1792440;35;1.1;14;1.9;0.0;2.9;0.0;1.9;0.0;11;8.9;1.9;0.0;8.9;1.9;12;0.0;3.9;2.9;0.90;0.90;0.90;0.0;0.90;0.0;0.0;0.0
171;0;0.0;0.0;3.4;1102776;1792440;35;1.2;14;0.90;0.0;2.9;0.0;3.9;0.0;9.9;8.9;1.9;0.90;13;1.9;5.9;0.0;2.9;2.9;2.9;1.9;0.0;0.90;1.9;0.0;0.0;0.0
172;0;0.0;0.0;3.4;1103040;1792440;35;1.2;14;1.00;0.0;1.00;1.00;1.00;0.0;11;10;4.0;0.0;13;3.0;8.0;0.0;4.0;2.0;2.0;1.00;3.0;2.0;1.00;0.0;0.0;0.0
173;0;0.0;0.0;3.4;1103040;1792440;35;1.2;14;0.0;0.0;0.0;0.0;2.0;0.0;10;9.0;5.0;0.0;9.0;2.0;10;0.0;4.0;3.0;6.0;2.0;1.00;1.00;1.00;0.0;0.0;0.0
174;0;0.0;0.0;3.4;1103304;1792440;35;1.3;14;2.9;0.0;0.90;0.90;0.0;0.0;7.9;8.9;7.9;0.90;8.9;1.9;6.9;0.0;2.9;2.9;3.9;1.9;2.9;3.9;0.90;0.90;0.0;0.0
175;0;0.0;0.0;3.4;1103304;1792440;35;1.2;14;3.0;0.0;3.0;0.0;1.00;0.0;9.0;9.0;4.0;0.0;9.0;2.0;10;0.0;3.0;2.0;1.00;1.00;1.00;1.00;0.0;0.0;0.0;0.0
176;0;0.0;0.0;3.4;1103568;1792440;35;1.1;14;0.90;0.0;2.9;0.0;0.0;0.0;8.9;8.9;4.9;0.90;8.9;2.9;12;0.0;2.9;2.9;0.90;0.90;0.90;0.90;0.90;0.90;0.0;0.0
177;0;0.0;0.0;3.4;1103568;1792440;35;0.50;14;0.0;0.0;3.0;0.0;2.0;0.0;5.0;3.0;2.0;1.00;4.0;1.00;5.0;0.0;84;2.0;1.00;0.0;0.0;1.00;0.0;0.0;0.0;1.00
178;0;0.0;0.0;3.4;1103568;1792440;35;0.54;14;0.90;0.0;2.9;0.0;2.9;0.0;5.9;2.9;1.9;0.90;2.9;1.9;4.9;0.0;18;1.9;0.90;0.0;0.0;1.9;0.0;0.0;0.0;0.0
179;0;0.0;0.0;3.4;1103568;1792440;35;0.50;14;0.0;0.0;4.0;0.0;2.0;0.0;5.0;3.0;3.0;0.0;2.0;2.0;4.0;0.0;2.0;1.00;3.0;1.00;2.0;2.0;0.0;1.00;0.0;0.0
180;0;0.0;0.0;3.4;1103568;1792440;35;0.50;14;0.0;0.0;1.9;0.90;2.9;0.0;4.9;2.9;0.90;0.90;2.9;1.9;3.9;0.0;0.90;1.9;1.9;0.0;0.0;0.90;0.90;0.0;0.0;0.0
181;0;0.0;0.0;3.4;1103568;1792440;35;0.46;14;0.0;0.0;1.00;0.0;2.0;0.0;4.0;2.0;2.0;0.0;4.0;1.00;4.0;0.0;2.0;2.0;1.00;1.00;0.0;1.00;0.0;0.0;0.0;0.0
182;0;0.0;0.0;3.4;1103568;1792440;35;0.42;14;0.0;0.0;0.0;0.0;1.00;0.0;4.0;3.0;2.0;0.0;3.0;2.0;5.0;0.0;3.0;1.00;2.0;2.0;1.00;0.0;0.0;0.0;0.0;0.0
183;0;0.0;0.0;3.4;1103568;1792440;35;0.50;14;2.0;0.0;0.0;0.0;1.00;0.0;3.0;2.0;4.0;1.00;2.0;2.0;4.0;0.0;3.0;2.0;2.0;2.0;0.0;0.0;0.0;0.0;0.0;0.0
184;0;0.0;0.0;3.4;1103568;1792440;35;0.50;14;0.0;0.0;0.0;0.0;0.90;0.0;4.9;2.9;2.9;0.0;2.9;1.9;4.9;0.0;2.9;1.9;1.9;1.9;0.0;0.0;0.0;0.90;0.0;0.0
185;0;0.0;0.0;3.4;1103568;1792440;35;0.46;14;0.0;0.0;0.0;0.0;1.00;0.0;4.0;3.0;3.0;1.00;4.0;1.00;3.0;0.0;3.0;1.00;2.0;2.0;0.0;0.0;0.0;0.0;0.0;0.0
186;0;0.0;0.0;3.4;1103568;1792440;35;0.42;14;0.0;0.0;0.0;0.0;2.9;0.0;3.9;2.9;1.9;0.0;3.9;1.9;2.9;0.0;2.9;1.9;0.90;0.90;0.0;0.0;0.0;0.0;0.0;0.0
187;0;0.0;0.0;3.4;1103568;1792440;35;0.46;14;1.9;0.0;0.90;0.0;1.9;0.0;3.9;1.9;0.90;0.90;3.9;1.9;2.9;0.0;2.9;1.9;0.0;0.90;0.90;0.0;0.90;0.0;0.0;0.0
188;0;0.0;0.0;3.4;1103568;1792440;35;0.42;14;1.9;0.0;0.0;0.0;0.0;0.0;2.9;2.9;1.9;0.0;3.9;1.9;4.9;0.0;2.9;0.90;0.90;1.9;0.0;0.0;0.0;0.0;0.0;0.0
189;0;0.0;0.0;3.4;1103568;1792440;35;0.50;14;1.00;0.0;0.0;0.0;0.0;0.0;3.0;3.0;4.0;0.0;3.0;1.00;5.0;0.0;2.0;2.0;3.0;1.00;1.00;0.0;0.0;0.0;0.0;0.0
190;0;0.0;0.0;3.4;1103568;1792440;35;0.50;14;1.00;0.0;0.0;0.0;0.0;0.0;3.0;2.0;2.0;1.00;3.0;2.0;5.0;0.0;3.0;1.00;3.0;2.0;2.0;0.0;0.0;0.0;0.0;0.0
191;0;0.0;0.0;3.4;1103568;1792440;35;0.46;14;1.00;0.0;0.0;0.0;1.00;0.0;3.0;3.0;3.0;1.00;2.0;2.0;5.0;0.0;3.0;2.0;1.00;1.00;0.0;0.0;0.0;0.0;0.0;0.0
192;0;0.0;0.0;3.4;1103568;1792440;35;0.58;14;1.9;0.0;0.90;0.0;0.0;0.0;2.9;2.9;2.9;0.0;1.9;0.90;5.9;0.0;1.9;1.9;1.9;1.9;0.90;0.90;0.0;0.0;0.0;0.0
193;0;0.0;0.0;3.4;1103568;1792440;35;0.46;14;1.00;0.0;1.00;0.0;0.0;0.0;4.0;2.0;3.0;1.00;4.0;2.0;5.0;0.0;2.0;1.00;3.0;1.00;2.0;1.00;0.0;0.0;0.0;0.0
194;0;0.0;0.0;3.4;1103568;1792440;35;0.50;14;0.0;0.0;2.0;0.0;0.0;0.0;3.0;3.0;4.0;0.0;3.0;2.0;3.0;0.0;1.00;2.0;3.0;2.0;0.0;1.00;0.0;0.0;0.0;0.0
195;0;0.0;0.0;3.4;1103568;1792440;35;0.50;14;0.90;0.0;0.90;0.0;0.0;0.0;2.9;1.9;2.9;0.0;3.9;1.9;4.9;0.0;1.9;1.9;2.9;1.9;0.0;1.9;0.0;0.0;0.0;0.0
196;0;0.0;0.0;3.4;1103568;1792440;35;0.46;14;1.9;0.90;0.90;0.0;0.90;0.0;2.9;2.9;3.9;0.90;2.9;1.9;2.9;0.0;2.9;0.90;1.9;0.90;0.0;0.0;0.0;0.0;0.0;0.0
197;0;0.0;0.0;3.4;1103568;1792440;35;0.50;14;2.0;0.0;3.0;0.0;0.0;0.0;3.0;3.0;2.0;0.0;3.0;2.0;5.0;0.0;2.0;2.0;2.0;1.00;0.0;0.0;0.0;0.0;0.0;0.0
198;0;0.0;0.0;3.4;1103568;1792440;35;0.46;14;0.90;0.0;0.90;0.0;1.9;0.0;2.9;1.9;2.9;0.90;1.9;1.9;3.9;0.0;1.9;0.90;2.9;0.90;0.90;0.0;0.0;0.0;0.0;0.0
199;0;0.0;0.0;3.4;1103568;1792440;35;0.42;14;2.0;0.0;2.0;0.0;1.00;0.0;3.0;3.0;3.0;0.0;3.0;1.00;4.0;0.0;2.0;2.0;0.0;2.0;0.0;0.0;0.0;0.0;0.0;0.0
200;0;0.0;0.0;3.4;1103568;1792440;35;0.46;14;0.0;0.0;1.9;0.0;3.9;0.0;2.9;2.9;1.9;0.90;4.9;1.9;2.9;0.0;0.90;1.9;0.0;0.90;0.0;0.0;0.0;0.0;0.0;0.0
201;0;0.0;0.0;3.4;1103568;1792440;35;0.50;14;0.90;0.0;1.9;0.0;1.9;0.0;2.9;1.9;1.9;0.0;0.90;1.9;4.9;0.0;1.9;0.90;0.90;1.9;0.0;0.0;0.0;0.90;0.0;0.0
202;0;0.0;0.0;3.4;1103568;1792440;35;0.46;14;0.90;0.0;1.9;0.0;1.9;0.0;4.9;2.9;1.9;0.90;3.9;1.9;3.9;0.0;0.90;1.9;1.9;0.90;0.90;0.0;0.0;0.0;0.0;0.0
203;0;0.0;0.0;3.4;1103568;1792440;35;0.46;14;1.00;0.0;1.00;0.0;2.0;0.0;5.0;3.0;2.0;0.0;3.0;1.00;2.0;0.0;2.0;2.0;3.0;2.0;0.0;0.0;0.0;0.0;0.0;0.0
204;0;0.0;0.0;3.4;1103568;1792440;35;0.42;14;0.90;0.0;0.0;0.0;1.9;0.0;3.9;1.9;3.9;0.0;2.9;1.9;3.9;0.0;1.9;0.90;0.0;1.9;0.0;0.0;0.0;0.0;0.0;0.0
205;0;0.0;0.0;3.4;1103568;1792440;35;0.50;14;0.0;0.0;1.00;0.0;2.0;0.0;3.0;3.0;3.0;1.00;4.0;2.0;5.0;0.0;1.00;2.0;2.0;1.00;0.0;0.0;0.0;0.0;0.0;0.0
206;0;0.0;0.0;3.4;1103568;1792440;35;0.42;14;0.0;0.0;0.0;0.0;0.0;0.0;3.0;3.0;3.0;0.0;4.0;2.0;7.0;0.0;1.00;1.00;1.00;2.0;0.0;1.00;1.00;0.0;0.0;0.0
207;0;0.0;0.0;3.4;1103568;1792440;35;0.46;14;0.0;0.0;0.0;0.0;0.0;0.0;2.9;1.9;2.9;0.90;2.9;0.90;6.9;0.0;1.9;1.9;0.90;1.9;0.90;0.0;0.0;0.0;0.0;0.0
208;0;0.0;0.0;3.4;1103568;1792440;35;0.54;14;0.0;0.0;0.0;0.0;0.90;0.0;4.9;2.9;0.0;0.0;3.9;1.9;4.9;0.0;1.9;1.9;2.9;2.9;0.90;0.0;0.0;0.0;0.0;0.0
209;0;0.0;0.0;3.4;1103568;1792440;35;0.46;14;0.0;0.0;1.00;0.0;0.0;0.0;4.0;3.0;1.00;0.0;5.0;2.0;6.0;0.0;1.00;1.00;2.0;1.00;1.00;0.0;0.0;0.0;0.0;0.0
210;0;0.0;0.0;3.4;1103568;1792440;35;0.54;14;0.0;0.0;0.0;0.0;0.0;0.0;2.9;1.9;1.9;0.90;3.9;1.9;5.9;0.0;0.90;1.9;2.9;0.90;0.90;0.0;0.0;0.0;0.0;0.0
211;0;0.0;0.0;3.4;1103568;1792440;35;0.58;14;1.00;0.0;0.0;0.0;0.0;0.0;3.0;3.0;2.0;0.0;3.0;1.00;7.0;0.0;1.00;2.0;4.0;3.0;2.0;0.0;0.0;0.0;0.0;0.0
212;0;0.0;0.0;3.4;1103568;1792440;35;0.46;14;0.0;0.0;0.0;0.0;0.0;0.0;2.9;1.9;2.9;0.90;2.9;1.9;6.9;0.0;1.9;0.90;0.90;0.90;0.90;0.90;0.0;0.0;0.0;0.0
213;0;0.0;0.0;3.4;1103568;1792440;35;0.50;14;0.90;0.0;0.90;0.0;1.9;0.0;2.9;2.9;1.9;0.0;2.9;1.9;4.9;0.0;1.9;1.9;0.90;1.9;0.90;0.0;0.0;0.0;0.0;0.0
214;0;0.0;0.0;3.4;1103568;1792440;35;0.42;14;2.0;0.0;0.0;0.0;3.0;0.0;3.0;3.0;2.0;1.00;2.0;2.0;6.0;0.0;1.00;1.00;0.0;1.00;1.00;0.0;0.0;0.0;0.0;0.0
215;0;0.0;0.0;3.4;1103568;1792440;35;0.42;14;1.00;0.0;3.0;0.0;1.00;0.0;3.0;2.0;2.0;0.0;3.0;1.00;5.0;0.0;3.0;2.0;1.00;0.0;1.00;0.0;0.0;0.0;0.0;0.0
216;0;0.0;0.0;3.4;1103568;1792440;35;0.50;14;0.90;0.0;2.9;0.0;0.0;0.0;2.9;2.9;2.9;0.0;1.9;1.9;3.9;0.0;1.9;1.9;0.90;0.0;0.90;0.0;0.0;0.0;0.0;0.0
217;0;0.0;0.0;3.4;1103568;1792440;35;0.46;14;0.0;0.0;2.0;0.0;0.0;0.0;3.0;3.0;3.0;1.00;3.0;2.0;5.0;0.0;1.00;1.00;1.00;1.00;1.00;1.00;0.0;0.0;0.0;0.0
218;0;0.0;0.0;3.4;1103568;1792440;35;0.54;14;0.0;0.0;2.9;0.0;0.0;0.0;2.9;1.9;2.9;0.0;1.9;1.9;4.9;0.0;2.9;1.9;2.9;0.90;0.0;0.90;0.0;0.0;0.0;0.0
219;0;0.0;0.0;3.4;1103568;1792440;35;0.54;14;0.0;0.0;2.0;0.0;0.0;0.0;3.0;3.0;3.0;1.00;1.00;1.00;6.0;0.0;2.0;2.0;2.0;0.0;2.0;1.00;1.00;0.0;0.0;0.0
220;0;0.0;0.0;3.4;1103568;1792440;35;0.50;14;0.0;0.0;3.0;0.0;0.0;0.0;3.0;2.0;3.0;0.0;2.0;2.0;5.0;0.0;3.0;1.00;1.00;1.00;1.00;0.0;0.0;0.0;0.0;0.0
221;0;0.0;0.0;3.4;1103568;1792440;35;0.46;14;0.0;0.0;0.90;0.0;1.9;0.0;1.9;2.9;1.9;0.0;1.9;1.9;3.9;0.0;3.9;1.9;0.90;0.0;0.0;0.0;0.90;0.0;0.0;0.0
222;0;0.0;0.0;3.4;1103568;1792440;35;0.38;14;0.0;0.0;1.00;0.0;3.0;0.0;3.0;3.0;1.00;1.00;3.0;1.00;5.0;0.0;3.0;1.00;1.00;0.0;0.0;1.00;2.0;0.0;0.0;0.0
223;0;0.0;0.0;3.4;1103568;1792440;35;0.46;14;0.90;0.0;0.0;0.0;2.9;0.0;2.9;1.9;2.9;0.90;1.9;1.9;2.9;0.0;3.9;1.9;0.0;0.0;0.0;0.0;0.90;0.0;0.0;0.0
224;0;0.0;0.0;3.4;1103568;1792440;35;0.42;14;1.00;0.0;2.0;0.0;1.00;0.0;3.0;3.0;3.0;1.00;2.0;2.0;3.0;0.0;3.0;2.0;1.00;0.0;1.00;0.0;2.0;0.0;0.0;0.0
225;0;0.0;0.0;3.4;1103568;1792440;35;0.42;14;0.0;0.0;1.9;0.0;1.9;0.0;2.9;2.9;3.9;0.0;2.9;1.9;3.9;0.0;1.9;0.90;0.0;0.0;0.0;0.0;0.90;0.90;0.90;0.0
226;0;0.0;0.0;3.4;1103568;1792440;35;0.46;14;0.0;0.0;0.0;0.0;3.0;0.0;3.0;2.0;4.0;0.0;1.00;1.00;4.0;0.0;2.0;2.0;1.00;2.0;0.0;0.0;1.00;0.0;0.0;0.0
227;0;0.0;0.0;3.4;1103568;1792440;35;0.46;14;0.0;0.0;0.0;0.0;0.90;0.0;2.9;2.9;2.9;0.90;2.9;1.9;4.9;0.0;0.90;1.9;1.9;0.90;0.0;0.0;1.9;0.0;0.90;0.0
228;0;0.0;0.0;3.4;1103568;1792440;35;0.38;14;0.0;0.0;1.00;0.0;1.00;0.0;3.0;3.0;4.0;0.0;2.0;2.0;4.0;0.0;4.0;1.00;1.00;0.0;0.0;1.00;1.00;0.0;0.0;0.0
229;0;0.0;0.0;3.4;1103568;1792440;35;0.46;14;0.0;0.0;0.0;0.0;0.0;0.0;3.0;2.0;4.0;1.00;2.0;2.0;5.0;0.0;1.00;2.0;3.0;1.00;1.00;0.0;0.0;0.0;0.0;0.0
230;0;0.0;0.0;3.4;1103568;1792440;35;0.50;14;1.9;0.90;1.9;0.0;0.90;0.0;2.9;2.9;3.9;0.0;2.9;0.90;2.9;0.0;1.9;0.90;2.9;0.0;0.90;0.0;0.90;0.0;0.0;0.0
231;0;0.0;0.0;3.4;1103568;1792440;35;0.42;14;2.9;0.0;0.90;0.0;0.0;0.0;2.9;1.9;3.9;0.0;2.9;1.9;1.9;0.0;1.9;1.9;0.0;0.0;0.90;0.0;0.90;0.0;0.90;0.0
232;0;0.0;0.0;3.4;1103568;1792440;35;0.42;14;0.0;0.0;1.9;0.90;0.90;0.0;4.9;2.9;1.9;0.90;1.9;1.9;4.9;0.0;0.90;1.9;0.90;0.0;0.0;0.0;0.90;0.0;0.0;0.0
233;0;0.0;0.0;3.4;1103568;1792440;35;0.54;14;1.00;0.0;2.0;0.0;0.0;0.0;3.0;3.0;3.0;0.0;2.0;2.0;5.0;0.0;3.0;1.00;4.0;2.0;1.00;0.0;1.00;0.0;0.0;0.0
234;0;0.0;0.0;3.4;1103568;1792440;35;0.46;14;1.9;0.0;0.0;0.0;0.90;0.0;2.9;1.9;2.9;0.90;2.9;0.90;2.9;0.0;1.9;1.9;2.9;1.9;2.9;0.90;0.90;0.0;0.90;0.0
235;0;0.0;0.0;3.4;1103568;1792440;35;0.54;14;1.9;0.0;0.90;0.0;0.0;0.0;3.9;2.9;3.9;0.90;2.9;1.9;3.9;0.0;3.9;1.9;2.9;2.9;0.0;0.0;0.0;0.90;0.0;0.0
236;0;0.0;0.0;3.4;1103568;1792440;35;0.42;14;3.0;0.0;3.0;0.0;3.0;0.0;5.0;3.0;7.0;1.00;3.0;2.0;6.0;0.0;5.0;1.00;4.0;1.00;2.0;1.00;1.00;1.00;1.00;1.00
237;0;0.0;0.0;3.4;1103568;1792440;35;0.46;14;2.9;0.0;1.9;0.0;1.9;0.0;3.9;2.9;2.9;0.0;2.9;1.9;5.9;0.0;2.9;1.9;0.90;0.0;0.90;0.0;0.0;0.0;0.90;0.0
238;0;0.0;0.0;3.4;1103568;1792440;35;0.54;14;2.0;0.0;1.00;0.0;2.0;0.0;4.0;2.0;4.0;1.00;5.0;1.00;5.0;0.0;3.0;2.0;3.0;2.0;1.00;1.00;1.00;1.00;0.0;0.0
239;0;0.0;0.0;3.4;1103568;1792440;35;0.46;14;0.90;0.0;0.90;0.0;1.9;0.0;3.9;2.9;2.9;0.0;4.9;1.9;4.9;0.0;1.9;0.90;0.90;0.0;0.0;0.90;0.90;0.0;0.0;0.0
240;0;0.0;0.0;3.4;1103568;1792440;35;0.46;14;0.90;0.0;0.90;0.0;2.9;0.0;5.9;2.9;3.9;0.90;3.9;1.9;6.9;0.0;2.9;2.9;3.9;1.9;0.90;0.90;1.9;0.90;0.0;0.0
241;0;0.0;0.0;3.4;1103568;1792440;35;0.58;14;3.0;0.0;3.0;0.0;2.0;1.00;5.0;2.0;4.0;1.00;3.0;2.0;4.0;0.0;5.0;2.0;3.0;2.0;1.00;3.0;1.00;0.0;1.00;1.00
242;0;0.0;0.0;3.4;1103568;1792440;35;0.50;14;4.0;0.0;7.0;0.0;4.0;0.0;6.0;3.0;5.0;1.00;3.0;2.0;5.0;0.0;9.0;1.00;3.0;2.0;2.0;1.00;0.0;1.00;2.0;1.00
243;0;0.0;0.0;3.4;1103568;1792440;35;0.58;14;4.9;0.90;8.9;0.0;6.9;0.0;6.9;2.9;16;0.90;6.9;1.9;26;0.0;8.9;1.9;5.9;3.9;4.9;2.9;0.90;0.90;0.90;0.90
244;0;0.0;0.0;3.4;1103568;1792440;35;0.46;14;1.00;0.0;3.0;0.0;4.0;0.0;6.0;3.0;3.0;1.00;4.0;1.00;4.0;0.0;3.0;2.0;1.00;2.0;0.0;0.0;1.00;1.00;1.00;1.00
245;0;0.0;0.0;3.4;1103568;1792440;35;0.50;14;0.90;0.0;2.9;0.0;2.9;0.0;4.9;1.9;2.9;0.0;3.9;1.9;2.9;0.0;3.9;1.9;0.90;0.90;0.90;0.0;0.0;0.0;0.0;0.90
246;0;0.0;0.0;3.4;1103568;1792440;35;0.46;14;1.00;0.0;4.0;0.0;2.0;0.0;5.0;3.0;4.0;1.00;3.0;2.0;6.0;0.0;3.0;1.00;2.0;2.0;2.0;0.0;0.0;0.0;1.00;2.0
247;0;0.0;0.0;3.4;1103568;1792440;35;0.54;14;3.9;0.0;3.9;0.0;3.9;0.0;5.9;2.9;4.9;0.90;8.9;1.9;5.9;0.0;5.9;3.9;4.9;2.9;0.90;2.9;0.90;0.0;0.90;1.9
248;0;0.0;0.0;3.4;1103568;1792440;35;0.54;14;4.0;0.0;2.0;0.0;6.0;0.0;6.0;3.0;4.0;1.00;3.0;1.00;9.0;0.0;7.0;2.0;4.0;3.0;3.0;1.00;1.00;1.00;0.0;0.0
249;0;0.0;0.0;3.4;1103568;1792440;35;0.50;14;2.0;0.0;4.0;0.0;1.00;0.0;5.0;3.0;4.0;1.00;4.0;2.0;17;0.0;4.0;1.00;3.0;0.0;0.0;0.0;1.00;0.0;0.0;0.0
250;0;0.0;0.0;3.4;1103568;1792440;35;0.50;14;4.9;0.0;3.9;0.0;4.9;0.0;7.9;2.9;6.9;0.90;3.9;1.9;52;0.0;5.9;1.9;2.9;3.9;1.9;0.90;1.9;0.90;0.90;0.90
251;0;0.0;0.0;3.4;1103568;1792440;35;0.54;14;6.0;0.0;3.0;0.0;3.0;0.0;7.0;2.0;4.0;2.0;4.0;2.0;27;0.0;33;2.0;2.0;2.0;0.0;2.0;1.00;0.0;1.00;0.0
252;0;0.0;0.0;3.4;1103568;1792440;35;0.42;14;1.00;0.0;2.0;0.0;2.0;0.0;3.0;3.0;1.00;0.0;3.0;1.00;5.0;0.0;3.0;2.0;1.00;0.0;0.0;1.00;0.0;0.0;0.0;0.0
253;0;0.0;0.0;3.4;1103568;1792440;35;0.50;14;0.0;0.0;1.9;0.0;1.9;0.0;5.9;2.9;1.9;1.9;1.9;1.9;1.9;0.0;1.9;0.90;2.9;0.90;0.0;0.90;0.90;0.0;0.0;0.90
254;0;0.0;0.0;3.4;1103568;1792440;35;0.54;14;3.0;1.00;3.0;0.0;0.0;0.0;6.0;3.0;3.0;0.0;0.0;2.0;4.0;0.0;3.0;2.0;3.0;1.00;1.00;1.00;0.0;1.00;0.0;0.0
255;0;0.0;0.0;3.4;1103568;1792440;35;0.58;14;0.0;0.90;1.9;0.0;0.90;0.0;2.9;1.9;2.9;0.90;1.9;1.9;4.9;0.0;1.9;0.90;2.9;0.90;0.90;1.9;0.0;0.0;0.0;0.0
256;0;0.0;0.0;3.4;1103568;1792440;35;0.46;14;0.0;1.00;4.0;2.0;2.0;0.0;5.0;3.0;0.0;0.0;2.0;1.00;5.0;0.0;1.00;2.0;2.0;0.0;0.0;0.0;1.00;0.0;0.0;0.0
257;0;0.0;0.0;3.4;1103568;1792440;35;0.50;14;0.0;1.00;3.0;0.0;0.0;0.0;6.0;3.0;3.0;1.00;3.0;2.0;3.0;0.0;2.0;2.0;1.00;1.00;0.0;0.0;1.00;0.0;0.0;0.0
258;0;0.0;0.0;3.4;1103568;1792440;35;0.46;14;2.9;0.90;2.9;0.0;0.90;0.0;6.9;2.9;0.90;0.0;6.9;1.9;5.9;0.0;0.90;0.90;0.90;0.0;1.9;0.0;0.0;0.0;0.0;0.0
259;0;0.0;0.0;3.4;1103568;1792440;35;0.46;14;4.0;1.00;2.0;0.0;0.0;0.0;4.0;2.0;1.00;1.00;1.00;2.0;5.0;0.0;1.00;2.0;1.00;1.00;1.00;0.0;0.0;0.0;0.0;0.0
260;0;0.0;0.0;3.4;1103568;1792440;35;0.46;14;2.9;0.90;1.9;0.0;0.90;0.0;4.9;2.9;0.90;0.0;1.9;0.90;2.9;0.0;1.9;1.9;4.9;0.0;0.90;0.0;0.90;0.90;0.0;0.0
261;0;0.0;0.0;3.4;1103568;1792440;35;0.42;14;1.00;0.0;1.00;0.0;2.0;0.0;4.0;3.0;4.0;1.00;2.0;2.0;4.0;0.0;1.00;1.00;0.0;1.00;1.00;0.0;0.0;0.0;0.0;0.0
262;0;0.0;0.0;3.4;1103568;1792440;35;0.46;14;0.90;0.0;1.9;0.0;1.9;0.0;6.9;1.9;0.90;0.0;1.9;1.9;3.9;0.0;1.9;1.9;2.9;1.9;1.9;0.90;0.0;0.0;0.0;0.0
263;0;0.0;0.0;3.4;1103568;1792440;35;0.46;14;0.0;0.0;1.00;0.0;1.00;0.0;4.0;3.0;2.0;1.00;2.0;1.00;5.0;0.0;2.0;1.00;3.0;2.0;2.0;0.0;0.0;1.00;0.0;0.0
264;0;0.0;0.0;3.4;1103568;1792440;35;0.46;14;0.0;0.0;3.9;0.0;1.9;0.0;4.9;2.9;1.9;0.0;1.9;1.9;2.9;0.0;2.9;1.9;0.90;0.0;0.0;0.0;0.0;0.90;0.0;0.0
265;0;0.0;0.0;3.4;1103568;1792440;35;0.63;14;0.0;0.0;3.9;0.0;0.90;0.0;5.9;2.9;1.9;0.90;1.9;1.9;2.9;0.0;1.9;1.9;3.9;0.90;0.90;0.0;0.0;0.90;0.0;0.0
266;0;0.0;0.0;3.4;1103568;1792440;35;0.50;14;0.0;0.0;2.0;0.0;0.0;0.0;5.0;2.0;3.0;0.0;2.0;2.0;4.0;1.00;2.0;1.00;2.0;1.00;0.0;0.0;0.0;1.00;0.0;0.0
267;0;0.0;0.0;3.4;1103568;1792440;35;0.46;14;0.0;0.0;3.9;0.0;1.9;0.0;2.9;2.9;2.9;0.90;0.90;0.90;3.9;0.0;1.9;1.9;1.9;0.0;0.0;0.0;0.0;1.9;0.0;0.0
268;0;0.0;0.0;3.4;1103568;1792440;35;0.50;14;0.0;0.0;3.0;0.0;0.0;0.0;3.0;3.0;3.0;0.0;3.0;2.0;3.0;0.0;2.0;2.0;3.0;1.00;0.0;0.0;1.00;1.00;0.0;0.0
269;0;0.0;0.0;3.4;1103568;1792440;35;0.58;14;0.90;0.0;2.9;0.0;1.9;0.0;4.9;1.9;0.90;0.90;1.9;1.9;3.9;0.0;2.9;0.90;0.90;0.0;0.90;0.90;0.0;0.90;0.0;0.0
270;0;0.0;0.0;3.4;1103568;1792440;35;0.46;14;2.0;0.0;2.0;0.0;3.0;0.0;6.0;3.0;1.00;0.0;2.0;1.00;4.0;0.0;2.0;2.0;1.00;1.00;0.0;0.0;0.0;2.0;0.0;0.0
271;0;0.0;0.0;3.4;1103568;1792440;35;0.46;14;0.90;0.0;3.9;0.0;2.9;0.0;5.9;2.9;0.0;0.90;1.9;1.9;3.9;0.0;1.9;0.90;0.90;0.0;0.0;0.0;0.0;0.90;0.0;0.0
272;0;0.0;0.0;3.4;1103568;1792440;35;0.50;14;0.0;0.0;2.0;0.0;3.0;0.0;3.0;2.0;2.0;0.0;3.0;2.0;3.0;0.0;2.0;2.0;2.0;1.00;0.0;0.0;0.0;1.00;0.0;0.0
273;0;0.0;0.0;3.4;1103568;1792440;35;0.46;14;0.0;1.9;0.0;0.0;0.90;0.0;5.9;2.9;2.9;0.90;1.9;1.9;3.9;0.0;2.9;1.9;1.9;0.0;0.0;0.0;0.0;1.9;0.0;0.0
274;0;0.0;0.0;3.4;1103568;1792440;35;0.46;14;0.0;1.00;0.0;0.0;1.00;0.0;5.0;3.0;4.0;0.0;2.0;1.00;3.0;0.0;3.0;1.00;2.0;0.0;1.00;0.0;0.0;1.00;0.0;0.0
275;0;0.0;0.0;3.4;1103568;1792440;35;0.46;14;0.0;0.90;0.0;0.0;1.9;0.0;2.9;1.9;3.9;0.90;2.9;1.9;2.9;0.0;1.9;1.9;0.90;0.90;0.90;0.90;0.0;0.90;0.0;0.0
276;0;0.0;0.0;3.4;1103568;1792440;35;0.46;14;1.00;0.0;0.0;0.0;3.0;0.0;4.0;3.0;3.0;0.0;4.0;2.0;4.0;0.0;3.0;2.0;2.0;0.0;0.0;0.0;0.0;1.00;0.0;0.0
277;0;0.0;0.0;3.4;1103568;1792440;35;0.46;14;0.0;0.0;0.0;0.0;1.9;0.0;5.9;2.9;1.9;0.90;3.9;1.9;2.9;0.0;1.9;0.90;1.9;0.0;0.0;0.0;0.90;0.90;0.0;0.0
278;0;0.0;0.0;3.4;1103568;1792440;35;0.46;14;0.0;0.0;0.90;0.0;1.9;0.0;4.9;2.9;0.90;0.0;3.9;0.90;4.9;0.0;1.9;1.9;0.0;0.90;0.0;0.90;0.0;1.9;0.0;0.0
279;0;0.0;0.0;3.4;1103568;1792440;35;0.46;14;0.90;0.0;0.0;0.0;3.9;0.0;5.9;1.9;2.9;0.90;3.9;1.9;3.9;0.0;1.9;1.9;1.9;0.90;0.0;0.0;0.0;0.90;0.90;0.0
280;0;0.0;0.0;3.4;1103568;1792440;35;0.50;14;0.0;0.0;0.0;0.0;3.0;0.0;5.0;3.0;1.00;0.0;1.00;2.0;4.0;0.0;3.0;1.00;2.0;2.0;0.0;0.0;0.0;2.0;0.0;0.0
281;0;0.0;0.0;3.4;1103568;1792440;35;0.46;14;0.90;0.0;0.0;0.0;0.90;0.0;5.9;2.9;1.9;0.90;0.90;0.90;3.9;0.0;3.9;1.9;1.9;0.90;0.0;0.0;0.0;0.90;0.0;0.0
282;0;0.0;0.0;3.4;1103568;1792440;35;0.50;14;2.0;0.0;1.00;0.0;0.0;0.0;3.0;4.0;2.0;0.0;0.0;2.0;5.0;0.0;2.0;2.0;5.0;0.0;1.00;1.00;0.0;1.00;0.0;0.0
283;0;0.0;0.0;3.4;1103568;1792440;35;0.54;14;1.9;0.0;0.90;0.0;1.9;0.0;0.0;4.9;1.9;0.90;1.9;1.9;2.9;0.0;2.9;0.90;1.9;2.9;0.90;1.9;0.0;0.90;0.0;0.0
284;0;0.0;0.0;3.4;1103568;1792440;35;0.46;14;2.0;0.0;3.0;0.0;1.00;0.0;2.0;6.0;1.00;0.0;2.0;1.00;3.0;0.0;2.0;2.0;3.0;1.00;1.00;1.00;1.00;1.00;1.00;0.0
285;0;0.0;0.0;3.4;1103568;1792440;35;0.46;14;3.0;0.0;2.0;0.0;3.0;0.0;2.0;5.0;3.0;1.00;3.0;2.0;5.0;0.0;3.0;2.0;2.0;2.0;1.00;0.0;0.0;0.0;2.0;0.0
286;0;0.0;0.0;3.4;1103568;1792440;35;0.50;14;7.0;0.0;2.0;0.0;5.0;0.0;4.0;6.0;5.0;1.00;4.0;2.0;6.0;0.0;64;2.0;3.0;2.0;1.00;1.00;1.00;0.0;1.00;0.0
287;0;0.0;0.0;3.4;1103568;1792440;35;0.50;14;1.9;0.90;1.9;0.0;0.90;0.0;2.9;5.9;2.9;0.90;2.9;1.9;4.9;0.90;2.9;0.90;3.9;0.90;1.9;1.9;0.0;0.0;1.9;0.0
288;0;0.0;0.0;3.4;1103568;1792440;35;0.46;14;3.0;0.0;1.00;0.0;1.00;0.0;2.0;5.0;1.00;1.00;3.0;1.00;5.0;0.0;3.0;2.0;1.00;0.0;1.00;1.00;0.0;0.0;1.00;0.0
289;0;0.0;0.0;3.4;1103568;1792440;35;0.50;14;1.00;1.00;3.0;0.0;3.0;0.0;3.0;6.0;3.0;0.0;3.0;2.0;5.0;0.0;2.0;2.0;2.0;2.0;0.0;0.0;0.0;0.0;1.00;0.0
290;0;0.0;0.0;3.4;1103568;1792440;35;0.50;14;0.0;0.0;2.0;0.0;2.0;0.0;3.0;6.0;1.00;1.00;4.0;2.0;5.0;0.0;3.0;1.00;2.0;1.00;0.0;1.00;0.0;1.00;1.00;0.0
291;0;0.0;0.0;3.4;1103568;1792440;35;0.46;14;0.90;0.0;1.9;0.0;0.90;0.0;0.90;4.9;1.9;0.90;2.9;1.9;3.9;0.0;1.9;1.9;1.9;1.9;0.90;0.0;0.90;0.0;1.9;0.90
292;0;0.0;0.0;3.4;1103568;1792440;35;0.54;14;1.00;0.0;2.0;0.0;3.0;0.0;0.0;6.0;2.0;0.0;2.0;1.00;4.0;0.0;3.0;2.0;2.0;0.0;0.0;0.0;0.0;0.0;1.00;0.0
293;0;0.0;0.0;3.4;1103568;1792440;35;0.46;14;1.00;0.0;1.00;0.0;3.0;0.0;1.00;5.0;2.0;1.00;3.0;2.0;3.0;0.0;3.0;1.00;2.0;1.00;0.0;0.0;0.0;0.0;2.0;0.0
294;0;0.0;0.0;3.4;1103568;1792440;35;0.46;14;0.90;0.0;0.0;0.0;0.0;0.0;0.90;5.9;2.9;0.90;3.9;1.9;4.9;0.0;2.9;1.9;2.9;0.90;0.0;0.0;0.0;0.0;0.90;0.90
295;0;0.0;0.0;3.4;1103568;1792440;35;0.50;14;1.00;0.0;1.00;1.00;1.00;0.0;0.0;6.0;3.0;1.00;1.00;2.0;4.0;0.0;3.0;2.0;2.0;1.00;1.00;1.00;0.0;0.0;0.0;0.0
296;0;0.0;0.0;3.4;1103568;1792440;35;0.42;14;2.0;0.0;3.0;0.0;2.0;0.0;3.0;5.0;2.0;1.00;3.0;2.0;6.0;0.0;8.0;1.00;2.0;2.0;1.00;0.0;1.00;0.0;0.0;0.0
297;0;0.0;0.0;3.4;1103568;1792440;35;0.58;14;2.9;0.0;3.9;0.0;2.9;0.0;2.9;5.9;3.9;0.90;4.9;1.9;5.9;0.0;64;1.9;4.9;1.9;0.90;1.9;0.90;0.90;0.0;0.0
298;0;0.0;0.0;3.4;1103568;1792440;35;0.54;14;4.0;0.0;3.0;0.0;2.0;0.0;4.0;6.0;2.0;3.0;4.0;2.0;5.0;0.0;31;2.0;2.0;3.0;1.00;0.0;0.0;0.0;0.0;0.0
299;0;0.0;0.0;3.4;1103568;1792440;35;0.50;14;5.9;0.0;3.9;1.9;1.9;0.0;5.9;5.9;5.9;0.90;4.9;1.9;5.9;0.0;49;1.9;1.9;0.90;1.9;0.90;0.90;0.90;0.0;0.0
300;0;0.0;0.0;3.4;1103568;1792440;35;0.46;14;0.90;0.0;2.9;0.0;1.9;0.0;1.9;5.9;2.9;0.90;2.9;1.9;4.9;0.0;12;1.9;1.9;0.90;0.90;1.9;0.90;0.0;0.90;0.0
301;0;0.0;0.0;3.4;1103568;1792440;35;0.50;14;1.00;0.0;3.0;0.0;2.0;0.0;3.0;5.0;3.0;1.00;1.00;1.00;3.0;0.0;2.0;2.0;1.00;1.00;0.0;1.00;0.0;1.00;0.0;0.0
302;0;0.0;0.0;3.4;1103568;1792440;35;0.46;14;0.0;0.0;2.0;0.0;2.0;0.0;3.0;6.0;3.0;1.00;2.0;2.0;5.0;0.0;4.0;1.00;1.00;1.00;0.0;1.00;1.00;0.0;0.0;0.0
303;0;0.0;0.0;3.4;1103568;1792440;35;0.50;14;0.90;0.0;1.9;0.0;2.9;0.0;1.9;5.9;1.9;0.90;2.9;1.9;3.9;0.0;1.9;1.9;2.9;0.90;0.90;0.90;0.0;0.90;0.0;0.0
304;0;0.0;0.0;3.4;1103568;1792440;35;0.54;14;1.00;0.0;2.0;0.0;2.0;0.0;3.0;5.0;3.0;0.0;1.00;1.00;4.0;0.0;2.0;2.0;1.00;1.00;0.0;2.0;1.00;1.00;0.0;1.00
305;0;0.0;0.0;3.4;1103568;1792440;35;0.50;14;2.0;0.0;2.0;0.0;3.0;0.0;3.0;6.0;3.0;2.0;2.0;2.0;3.0;0.0;2.0;1.00;1.00;1.00;1.00;1.00;0.0;1.00;1.00;1.00
306;0;0.0;0.0;3.4;1103568;1792440;35;0.50;14;1.9;0.0;1.9;0.0;1.9;0.0;0.90;5.9;2.9;0.90;1.9;1.9;5.9;0.0;1.9;1.9;2.9;1.9;0.0;0.0;0.0;0.0;0.90;0.0
307;0;0.0;0.0;3.4;1103568;1792440;35;0.58;14;0.90;0.0;2.9;0.0;1.9;0.0;1.9;4.9;2.9;0.90;2.9;1.9;4.9;0.0;20;1.9;2.9;0.0;1.9;0.0;0.90;0.0;1.9;0.0
308;0;0.0;0.0;3.4;1103568;1792440;35;0.42;14;3.0;0.0;3.0;0.0;4.0;0.0;4.0;6.0;6.0;1.00;7.0;1.00;7.0;0.0;51;2.0;3.0;2.0;2.0;1.00;0.0;1.00;1.00;1.00
309;0;0.0;0.0;3.4;1103568;1792440;35;0.54;14;1.00;0.0;2.0;0.0;3.0;0.0;2.0;6.0;3.0;1.00;3.0;2.0;4.0;0.0;2.0;1.00;2.0;1.00;0.0;0.0;0.0;0.0;1.00;1.00
310;0;0.0;0.0;3.4;1103568;1792440;35;0.50;14;0.0;0.0;3.9;0.0;1.9;0.0;1.9;4.9;0.90;0.90;6.9;1.9;5.9;0.0;1.9;1.9;0.90;2.9;1.9;0.0;0.0;0.90;0.90;0.90
311;0;0.0;0.0;3.4;1103568;1792440;35;0.58;14;0.0;0.0;1.00;0.0;3.0;0.0;2.0;6.0;2.0;0.0;1.00;1.00;4.0;0.0;2.0;1.00;2.0;1.00;0.0;0.0;1.00;0.0;1.00;0.0
312;0;0.0;0.0;3.4;1103568;1792440;35;0.63;14;1.9;1.9;0.90;0.0;1.9;0.0;0.0;4.9;1.9;0.90;2.9;1.9;3.9;0.0;1.9;1.9;0.0;2.9;0.0;0.0;0.0;0.0;0.90;0.90
313;0;0.0;0.0;3.4;1103568;1792440;35;0.50;14;0.0;0.0;3.0;0.0;1.00;0.0;1.00;6.0;2.0;0.0;3.0;2.0;4.0;0.0;2.0;2.0;2.0;0.0;0.0;0.0;0.0;0.0;1.00;0.0
314;0;0.0;0.0;3.4;1103568;1792440;35;0.50;14;0.0;0.0;2.0;0.0;0.0;0.0;2.0;6.0;2.0;1.00;5.0;2.0;4.0;0.0;2.0;1.00;2.0;1.00;2.0;1.00;0.0;0.0;0.0;0.0
315;0;0.0;0.0;3.4;1103568;1792440;35;0.54;14;2.0;0.0;3.0;0.0;1.00;0.0;1.00;5.0;1.00;0.0;2.0;1.00;4.0;1.00;2.0;2.0;2.0;2.0;1.00;0.0;0.0;0.0;0.0;0.0
316;0;0.0;0.0;3.4;1103568;1792440;35;0.50;14;0.0;0.0;2.9;0.0;0.90;0.0;0.90;5.9;1.9;0.90;2.9;1.9;1.9;0.90;3.9;1.9;3.9;0.90;1.9;0.90;0.0;0.90;0.0;0.0
317;0;0.0;0.0;3.4;1103568;1792440;35;0.50;14;1.00;2.0;2.0;0.0;1.00;0.0;2.0;5.0;2.0;0.0;3.0;2.0;3.0;2.0;2.0;1.00;1.00;0.0;1.00;1.00;0.0;0.0;0.0;0.0
318;0;0.0;0.0;3.4;1103568;1792440;35;0.50;14;0.90;1.9;2.9;0.0;0.0;0.0;0.90;5.9;2.9;0.90;0.90;1.9;2.9;1.9;2.9;1.9;0.90;0.90;0.90;0.90;1.9;0.0;0.0;0.0
319;0;0.0;0.0;3.4;1103568;1792440;35;0.46;14;1.00;0.0;1.00;0.0;2.0;0.0;0.0;5.0;2.0;1.00;2.0;1.00;2.0;1.00;3.0;2.0;5.0;1.00;0.0;0.0;0.0;0.0;0.0;0.0
320;0;0.0;0.0;3.4;1103568;1792440;35;0.50;14;0.90;0.0;0.90;0.0;0.90;0.0;2.9;5.9;2.9;0.90;3.9;1.9;1.9;1.9;3.9;0.90;3.9;0.90;0.90;0.0;0.90;0.0;0.0;0.0
321;0;0.0;0.0;3.4;1103568;1792440;35;0.42;14;0.0;0.0;1.00;0.0;0.0;0.0;0.0;5.0;3.0;0.0;3.0;2.0;3.0;1.00;2.0;2.0;2.0;1.00;0.0;0.0;2.0;0.0;0.0;0.0
322;0;0.0;0.0;3.4;1103568;1792440;35;0.46;14;0.90;0.0;0.90;0.0;0.90;0.0;0.0;5.9;1.9;0.0;3.9;1.9;0.0;4.9;1.9;1.9;2.9;1.9;0.90;0.90;0.90;0.0;0.0;0.0
323;0;0.0;0.0;3.4;1103568;1792440;35;0.54;14;0.0;0.0;3.0;0.0;1.00;0.0;0.0;5.0;3.0;1.00;4.0;1.00;2.0;3.0;2.0;1.00;2.0;1.00;0.0;0.0;2.0;0.0;0.0;0.0
324;0;0.0;0.0;3.4;1103568;1792440;35;0.46;14;0.0;0.0;1.9;0.0;2.9;0.0;1.9;5.9;2.9;0.90;0.0;1.9;0.90;0.90;0.90;1.9;3.9;0.0;0.90;0.90;0.0;0.90;0.0;0.0
325;0;0.0;0.0;3.4;1103568;1792440;35;0.50;14;0.0;0.0;1.9;0.0;0.90;0.0;1.9;5.9;1.9;0.90;1.9;1.9;1.9;1.9;2.9;1.9;1.9;1.9;0.90;0.0;0.90;0.0;0.0;0.0
326;0;0.0;0.0;3.4;1103568;1792440;35;0.54;14;0.0;0.0;1.00;0.0;2.0;0.0;0.0;5.0;2.0;1.00;4.0;2.0;3.0;1.00;2.0;1.00;4.0;3.0;1.00;0.0;2.0;1.00;0.0;0.0
327;0;0.0;0.0;3.4;1103568;1792440;35;0.46;14;0.0;0.0;2.0;0.0;4.0;0.0;0.0;6.0;3.0;0.0;1.00;1.00;3.0;2.0;2.0;2.0;0.0;1.00;1.00;1.00;1.00;1.00;0.0;0.0
328;0;0.0;0.0;3.4;1103568;1792440;35;0.46;14;0.0;0.0;2.9;0.90;2.9;0.0;0.0;4.9;2.9;0.90;1.9;1.9;2.9;1.9;0.90;0.90;0.90;0.90;0.0;0.90;0.90;0.90;0.90;0.0
329;0;0.0;0.0;3.4;1103568;1792440;35;0.54;14;0.90;0.0;1.9;0.0;1.9;0.0;0.90;5.9;1.9;0.0;0.90;1.9;3.9;0.90;1.9;1.9;1.9;0.90;0.0;0.0;0.90;0.0;0.90;0.0
330;0;0.0;0.0;3.4;1103568;1792440;35;0.50;14;2.0;1.00;2.0;0.0;1.00;0.0;2.0;5.0;2.0;1.00;3.0;1.00;3.0;2.0;2.0;2.0;3.0;1.00;1.00;0.0;0.0;0.0;2.0;0.0
331;0;0.0;0.0;3.4;1103568;1792440;35;0.50;14;1.00;0.0;0.0;0.0;3.0;0.0;0.0;6.0;1.00;0.0;2.0;2.0;3.0;1.00;3.0;1.00;2.0;2.0;2.0;2.0;0.0;0.0;1.00;0.0
332;0;0.0;0.0;3.4;1103568;1792440;35;0.46;14;0.90;0.0;1.9;0.0;1.9;0.0;0.90;5.9;1.9;0.90;3.9;1.9;0.90;1.9;2.9;1.9;0.90;0.90;0.90;0.0;0.0;0.90;0.90;0.0
333;0;0.0;0.0;3.4;1103568;1792440;35;0.42;14;0.90;0.0;0.90;0.0;2.9;0.0;2.9;5.9;2.9;0.90;2.9;1.9;1.9;0.90;1.9;1.9;0.0;0.0;0.0;0.0;0.0;0.0;1.9;0.0
334;0;0.0;0.0;3.4;1103568;1792440;35;0.46;14;1.00;0.0;1.00;0.0;2.0;0.0;3.0;5.0;3.0;1.00;3.0;1.00;3.0;2.0;2.0;1.00;1.00;1.00;0.0;0.0;0.0;0.0;1.00;0.0
335;0;0.0;0.0;3.4;1103568;1792440;35;0.58;14;0.90;0.0;0.90;0.0;2.9;0.0;2.9;5.9;2.9;0.0;1.9;1.9;0.90;0.90;0.90;1.9;2.9;1.9;0.0;0.90;0.90;0.0;0.90;0.0
336;0;0.0;0.0;3.4;1103568;1792440;35;0.46;14;0.90;0.0;0.0;0.0;2.9;0.0;1.9;5.9;0.90;0.90;1.9;1.9;2.9;1.9;1.9;1.9;0.90;0.90;0.90;0.0;0.0;0.0;0.90;0.90
337;0;0.0;0.0;3.4;1103568;1792440;35;0.42;14;0.0;0.0;0.0;0.0;3.0;0.0;3.0;5.0;0.0;0.0;2.0;1.00;4.0;1.00;2.0;1.00;2.0;0.0;0.0;1.00;0.0;0.0;1.00;0.0
338;0;0.0;0.0;3.4;1103568;1792440;35;0.50;14;2.0;0.0;1.00;0.0;1.00;0.0;2.0;6.0;1.00;1.00;3.0;2.0;2.0;2.0;3.0;2.0;1.00;0.0;0.0;0.0;0.0;0.0;0.0;1.00
339;0;0.0;0.0;3.4;1103568;1792440;35;0.46;14;1.9;0.0;0.90;0.0;1.9;0.0;1.9;5.9;2.9;0.0;1.9;1.9;2.9;0.90;2.9;1.9;1.9;0.90;0.0;0.0;0.0;0.90;0.90;0.90
340;0;0.0;0.0;3.4;1103568;1792440;35;0.46;14;0.0;0.0;1.9;0.0;3.9;0.0;1.9;4.9;2.9;0.90;1.9;1.9;1.9;1.9;1.9;0.90;1.9;0.90;0.0;0.90;0.0;0.0;0.0;0.90
341;0;0.0;0.0;3.4;1103568;1792440;35;0.46;14;1.9;0.0;0.90;0.0;2.9;0.0;2.9;5.9;1.9;0.0;1.9;0.90;1.9;0.90;1.9;1.9;2.9;0.90;0.0;0.0;0.0;0.0;0.0;1.9
342;0;0.0;0.0;3.4;1103568;1792440;35;0.46;14;3.0;1.00;2.0;0.0;4.0;0.0;3.0;6.0;4.0;1.00;3.0;2.0;3.0;2.0;5.0;2.0;0.0;1.00;1.00;2.0;2.0;1.00;0.0;1.00
343;0;0.0;0.0;3.4;1103568;1792440;35;0.46;14;3.9;0.0;4.9;0.0;0.90;0.0;2.9;4.9;5.9;0.90;5.9;1.9;2.9;1.9;6.9;0.90;1.9;0.90;0.0;0.90;0.0;0.0;0.90;0.90
344;0;0.0;0.0;3.4;1103568;1792440;35;0.50;14;4.0;0.0;2.0;0.0;1.00;0.0;2.0;6.0;3.0;1.00;2.0;2.0;4.0;1.00;34;2.0;2.0;1.00;1.00;1.00;0.0;0.0;0.0;2.0
345;0;0.0;0.0;3.4;1103568;1792440;35;0.46;14;1.00;0.0;0.0;0.0;1.00;0.0;2.0;5.0;3.0;1.00;3.0;1.00;3.0;2.0;1.00;2.0;1.00;2.0;0.0;0.0;0.0;0.0;0.0;1.00
346;0;0.0;0.0;3.4;1103568;1792440;35;0.54;14;0.90;0.90;1.9;0.0;1.9;0.0;1.9;5.9;2.9;0.90;2.9;1.9;3.9;0.90;1.9;0.90;1.9;0.90;0.90;0.0;0.0;0.0;0.0;1.9
347;0;0.0;0.0;3.4;1103568;1792440;35;0.62;14;2.0;0.0;0.0;0.0;2.0;0.0;2.0;6.0;4.0;0.0;3.0;2.0;3.0;2.0;2.0;2.0;3.0;0.0;0.0;1.00;0.0;0.0;0.0;1.00
348;0;0.0;0.0;3.4;1103568;1792440;35;0.46;14;0.90;0.0;0.0;0.0;0.90;0.0;0.90;4.9;1.9;0.90;3.9;1.9;1.9;0.90;1.9;1.9;0.90;0.90;0.0;0.0;0.0;0.0;1.9;0.0
349;0;0.0;0.0;3.4;1103568;1792440;35;0.54;14;0.90;0.90;0.90;0.0;2.9;0.0;1.9;5.9;2.9;0.0;2.9;0.90;2.9;1.9;2.9;0.90;2.9;0.90;0.0;0.90;0.0;0.0;0.90;0.0
350;0;0.0;0.0;3.4;1103568;1792440;35;0.54;14;1.00;0.0;1.00;0.0;1.00;0.0;1.00;5.0;3.0;1.00;1.00;2.0;3.0;1.00;2.0;2.0;5.0;1.00;0.0;0.0;1.00;0.0;1.00;0.0
351;0;0.0;0.0;3.4;1103568;1792440;35;0.46;14;0.0;0.0;0.0;0.0;0.0;0.0;2.9;5.9;1.9;0.0;2.9;0.90;2.9;1.9;3.9;1.9;1.9;0.90;0.0;0.0;0.0;0.90;0.90;0.0
352;0;0.0;0.0;3.4;1103568;1792440;35;0.46;14;0.0;0.0;1.00;0.0;0.0;0.0;1.00;6.0;4.0;1.00;4.0;0.0;4.0;1.00;3.0;1.00;0.0;1.00;1.00;1.00;0.0;0.0;0.0;0.0
353;0;0.0;0.0;3.4;1103568;1792440;35;0.46;14;1.9;0.0;0.90;0.0;0.90;0.0;2.9;4.9;1.9;0.0;3.9;0.0;1.9;1.9;2.9;1.9;2.9;0.0;0.90;0.0;0.0;0.0;0.0;0.0
354;0;0.0;0.0;3.4;1103568;1792440;35;0.46;14;3.0;0.0;3.0;0.0;1.00;0.0;1.00;6.0;4.0;1.00;3.0;0.0;3.0;1.00;1.00;1.00;1.00;0.0;1.00;0.0;0.0;0.0;0.0;0.0
355;0;0.0;0.0;3.4;1103568;1792440;35;0.50;14;2.9;0.0;0.90;0.0;1.9;0.0;0.0;4.9;0.0;0.0;4.9;0.0;1.9;1.9;1.9;1.9;1.9;0.90;1.9;0.0;0.0;0.0;0.90;0.0
356;0;0.0;0.0;3.4;1103568;1792440;35;0.46;14;0.0;0.0;3.0;0.0;0.0;0.0;0.0;6.0;0.0;1.00;5.0;0.0;4.0;2.0;4.0;2.0;2.0;0.0;1.00;0.0;0.0;0.0;0.0;0.0
357;0;0.0;0.0;3.4;1103568;1792440;35;0.46;14;1.9;0.0;1.9;0.0;0.90;0.0;0.90;4.9;0.0;0.0;3.9;0.0;2.9;0.90;1.9;0.90;0.0;0.90;1.9;0.90;0.0;0.0;0.0;0.0
358;0;0.0;0.0;3.4;1103568;1792440;35;0.46;14;2.0;0.0;3.0;0.0;1.00;0.0;0.0;6.0;1.00;1.00;3.0;0.0;3.0;2.0;4.0;2.0;1.00;0.0;1.00;1.00;0.0;0.0;0.0;0.0
359;0;0.0;0.0;3.4;1103568;1792440;35;0.50;14;2.9;0.0;1.9;0.0;0.0;0.0;0.90;4.9;1.9;0.0;2.9;0.0;2.9;0.90;2.9;1.9;1.9;0.0;1.9;0.0;0.0;0.90;0.0;0.0
360;0;0.0;0.0;3.4;1103568;1792440;35;0.46;14;3.0;0.0;0.0;0.0;0.0;0.0;0.0;6.0;3.0;0.0;2.0;0.0;3.0;2.0;4.0;1.00;2.0;0.0;1.00;0.0;0.0;0.0;0.0;0.0
361;0;0.0;0.0;3.4;1103568;1792440;35;0.46;14;2.9;0.0;0.0;0.0;0.0;0.0;0.0;4.9;0.90;0.0;3.9;0.0;2.9;0.90;2.9;1.9;1.9;0.0;0.0;0.0;0.0;0.0;0.0;0.0
362;0;0.0;0.0;3.4;1103568;1792440;35;0.46;14;2.9;0.0;0.0;0.0;0.90;0.0;0.90;5.9;3.9;0.0;2.9;0.0;1.9;1.9;3.9;1.9;0.90;0.0;0.90;0.90;0.90;0.0;0.0;0.0
363;0;0.0;0.0;3.4;1103568;1792440;35;0.42;14;2.0;0.0;1.00;0.0;1.00;0.0;1.00;5.0;2.0;0.0;4.0;1.00;4.0;2.0;3.0;1.00;1.00;2.0;0.0;0.0;0.0;0.0;0.0;0.0
364;0;0.0;0.0;3.4;1103568;1792440;35;0.46;14;0.90;0.0;0.0;0.0;0.0;0.0;0.90;5.9;2.9;0.90;3.9;0.90;3.9;0.90;3.9;1.9;1.9;0.90;0.90;0.90;0.0;0.0;0.0;0.0
365;0;0.0;0.0;3.4;1103568;1792440;35;0.54;14;2.0;0.0;0.0;0.0;0.0;0.0;1.00;5.0;3.0;0.0;3.0;0.0;3.0;1.00;1.00;2.0;3.0;1.00;0.0;2.0;0.0;0.0;0.0;0.0
366;0;0.0;0.0;3.4;1103568;1792440;35;0.46;14;1.9;0.0;0.90;0.0;1.9;0.0;2.9;5.9;2.9;0.90;1.9;0.0;2.9;1.9;3.9;0.90;3.9;1.9;0.90;0.90;0.0;0.90;0.0;0.0
367;0;0.0;0.0;3.4;1103568;1792440;35;0.50;14;0.0;0.0;0.0;0.0;1.00;0.0;1.00;6.0;3.0;0.0;4.0;1.00;2.0;2.0;3.0;2.0;2.0;0.0;0.0;2.0;0.0;0.0;0.0;0.0
368;0;0.0;0.0;3.4;1103568;1792440;35;0.42;14;0.0;0.0;0.0;0.0;1.9;0.0;2.9;4.9;2.9;0.90;1.9;0.0;2.9;1.9;1.9;0.90;0.0;0.0;0.90;0.90;0.0;0.0;0.0;0.0
369;0;0.0;0.0;3.4;1103568;1792440;35;0.42;14;0.0;0.0;0.0;0.0;2.9;0.0;1.9;5.9;0.90;0.0;1.9;0.0;3.9;2.9;2.9;1.9;0.90;0.0;0.0;1.9;0.0;0.0;0.0;0.0
370;0;0.0;0.0;3.4;1103568;1792440;35;0.58;14;2.0;0.0;1.00;0.0;3.0;0.0;3.0;6.0;1.00;1.00;3.0;0.0;3.0;1.00;3.0;2.0;4.0;1.00;0.0;1.00;0.0;0.0;0.0;0.0
371;0;0.0;0.0;3.4;1103568;1792440;35;0.46;14;0.90;0.0;0.0;0.0;1.9;0.0;1.9;4.9;1.9;0.90;1.9;0.0;1.9;1.9;2.9;0.90;2.9;0.0;0.90;0.90;0.0;0.0;0.0;0.0
372;0;0.0;0.0;3.4;1103568;1792440;35;0.50;14;4.0;0.0;2.0;0.0;1.00;0.0;1.00;6.0;2.0;1.00;3.0;0.0;4.0;2.0;2.0;2.0;1.00;1.00;2.0;2.0;0.0;0.0;0.0;0.0
373;0;0.0;0.0;3.4;1103568;1792440;35;0.54;14;2.9;0.0;2.9;0.0;1.9;0.0;0.90;4.9;2.9;0.0;2.9;0.0;2.9;0.90;3.9;1.9;2.9;0.90;0.0;0.90;0.0;0.0;0.0;0.0
374;0;0.0;0.0;3.4;1103568;1792440;35;0.50;14;0.0;0.0;2.0;0.0;2.0;1.00;1.00;6.0;2.0;1.00;2.0;0.0;3.0;2.0;2.0;1.00;1.00;0.0;1.00;1.00;1.00;0.0;0.0;0.0
375;0;0.0;0.0;3.4;1103568;1792440;35;0.50;14;0.90;0.0;0.0;0.0;1.9;0.90;1.9;4.9;1.9;0.0;1.9;0.0;3.9;0.90;1.9;1.9;1.9;0.90;1.9;0.90;0.0;0.0;0.0;0.0
376;0;0.0;0.0;3.4;1103568;1792440;35;0.58;14;1.00;0.0;1.00;0.0;0.0;1.00;3.0;6.0;3.0;1.00;2.0;0.0;5.0;2.0;2.0;1.00;3.0;1.00;0.0;1.00;0.0;0.0;0.0;0.0
377;0;0.0;0.0;3.4;1103568;1792440;35;0.46;14;0.0;0.0;0.0;0.0;0.0;0.90;0.90;4.9;3.9;0.0;2.9;0.0;2.9;1.9;2.9;1.9;3.9;0.90;0.0;0.0;0.0;0.0;0.0;0.0
378;0;0.0;0.0;3.4;1103568;1792440;35;0.50;14;1.9;0.0;1.9;0.0;2.9;0.90;0.90;5.9;2.9;0.90;2.9;0.0;2.9;0.90;1.9;1.9;1.9;1.9;0.0;0.0;0.0;0.0;0.0;0.0
379;0;0.0;0.0;3.4;1103568;1792440;35;0.50;14;2.0;0.0;2.0;0.0;3.0;0.0;0.0;5.0;3.0;0.0;3.0;0.0;2.0;2.0;1.00;1.00;2.0;0.0;1.00;1.00;0.0;0.0;0.0;0.0
380;0;0.0;0.0;3.4;1103568;1792440;35;0.54;14;1.00;0.0;1.00;2.0;2.0;0.0;2.0;6.0;2.0;1.00;3.0;0.0;2.0;1.00;2.0;2.0;1.00;0.0;0.0;2.0;0.0;0.0;0.0;0.0
381;0;0.0;0.0;3.4;1103568;1792440;35;0.42;14;0.90;0.0;0.0;2.9;1.9;0.0;1.9;5.9;1.9;0.0;2.9;0.0;0.90;1.9;2.9;1.9;0.0;0.0;0.0;1.9;0.0;0.0;0.0;0.0
382;0;0.0;0.0;3.4;1103568;1792440;35;0.42;14;0.0;0.0;2.9;0.0;0.0;0.0;1.9;4.9;2.9;0.90;2.9;0.0;1.9;0.90;3.9;0.90;0.90;0.0;0.0;1.9;0.0;0.0;0.0;0.0
383;0;0.0;0.0;3.4;1103568;1792440;35;0.42;14;0.0;0.0;3.0;0.0;1.00;0.0;2.0;6.0;2.0;0.0;4.0;1.00;1.00;2.0;2.0;2.0;1.00;0.0;0.0;0.0;0.0;0.0;0.0;0.0
384;0;0.0;0.0;3.4;1103568;1792440;35;0.50;14;1.00;0.0;3.0;0.0;2.0;0.0;3.0;5.0;2.0;1.00;4.0;0.0;3.0;1.00;4.0;2.0;2.0;1.00;1.00;0.0;0.0;0.0;0.0;0.0
385;0;0.0;0.0;3.4;1103568;1792440;35;0.54;14;0.0;0.0;1.9;0.0;1.9;0.0;0.0;5.9;2.9;0.0;1.9;0.0;2.9;1.9;1.9;0.90;1.9;1.9;1.9;0.0;0.90;0.90;0.0;0.0
386;0;0.0;0.0;3.4;1103568;1792440;35;0.50;14;0.90;0.0;1.9;0.0;0.90;0.0;0.90;4.9;1.9;0.90;2.9;0.0;1.9;0.90;2.9;1.9;1.9;2.9;0.90;1.9;0.0;0.0;0.90;0.0
387;0;0.0;0.0;3.4;1103568;1792440;35;0.50;14;3.0;0.0;2.0;0.0;3.0;0.0;2.0;6.0;3.0;1.00;3.0;0.0;2.0;2.0;3.0;2.0;2.0;1.00;0.0;2.0;0.0;0.0;0.0;0.0
388;0;0.0;0.0;3.4;1103568;1792440;35;0.54;14;2.0;0.0;3.0;0.0;2.0;0.0;0.0;6.0;4.0;1.00;2.0;0.0;3.0;1.00;3.0;1.00;2.0;0.0;1.00;1.00;1.00;0.0;0.0;0.0
389;0;0.0;0.0;3.4;1103568;1792440;35;0.50;14;3.0;0.0;2.0;0.0;1.00;0.0;1.00;5.0;2.0;0.0;3.0;0.0;1.00;2.0;3.0;2.0;3.0;4.0;0.0;0.0;0.0;0.0;0.0;0.0
390;0;0.0;0.0;3.4;1103568;1792440;35;0.46;14;2.9;0.0;1.9;0.0;0.90;0.0;2.9;5.9;2.9;0.90;2.9;0.0;2.9;1.9;0.90;0.90;0.0;0.90;0.90;0.0;0.0;0.0;0.0;0.0
391;0;0.0;0.0;3.4;1103568;1792440;35;0.46;14;2.9;0.90;2.9;0.0;0.0;0.0;0.90;4.9;1.9;0.90;1.9;0.0;3.9;0.90;1.9;1.9;0.90;0.0;1.9;0.90;0.0;0.0;0.0;0.0
392;0;0.0;0.0;3.4;1103568;1792440;35;0.50;14;2.9;0.0;0.0;0.0;1.9;0.0;0.90;5.9;2.9;0.0;3.9;0.0;2.9;1.9;2.9;1.9;2.9;0.90;0.90;0.90;0.0;0.0;0.0;0.0
393;0;0.0;0.0;3.4;1103568;1792440;35;0.46;14;2.0;0.0;1.00;0.0;0.0;0.0;1.00;6.0;2.0;1.00;3.0;0.0;4.0;1.00;2.0;1.00;4.0;2.0;2.0;0.0;0.0;0.0;0.0;0.0
394;0;0.0;0.0;3.4;1103568;1792440;35;0.46;14;1.9;0.0;1.9;0.0;2.9;0.0;0.90;4.9;1.9;0.90;2.9;0.90;2.9;2.9;1.9;1.9;2.9;0.0;0.90;0.90;0.0;0.0;0.0;0.0
395;0;0.0;0.0;3.4;1103568;1792440;35;0.62;14;4.0;0.0;1.00;0.0;1.00;0.0;0.0;6.0;3.0;0.0;3.0;0.0;3.0;1.00;2.0;2.0;3.0;2.0;2.0;0.0;0.0;0.0;0.0;0.0
396;0;0.0;0.0;3.4;1103568;1792440;35;0.50;14;0.0;0.0;4.0;0.0;0.0;0.0;2.0;5.0;4.0;1.00;3.0;0.0;1.00;3.0;3.0;1.00;3.0;2.0;1.00;0.0;0.0;0.0;0.0;0.0
397;0;0.0;0.0;3.4;1103568;1792440;35;0.46;14;0.90;0.0;0.90;0.0;0.90;0.0;3.9;5.9;0.90;0.90;2.9;0.90;2.9;0.90;1.9;1.9;0.90;0.90;0.90;1.9;0.0;0.0;0.0;0.0
398;0;0.0;0.0;3.4;1103568;1792440;35;0.50;14;1.00;0.0;3.0;0.0;4.0;0.0;2.0;6.0;2.0;0.0;2.0;0.0;1.00;2.0;3.0;1.00;3.0;2.0;0.0;1.00;0.0;0.0;0.0;0.0
399;0;0.0;0.0;3.4;1103568;1792440;35;0.50;14;0.90;0.0;1.9;0.0;1.9;0.0;1.9;4.9;2.9;0.90;3.9;0.90;1.9;0.90;2.9;1.9;1.9;0.90;0.90;1.9;0.0;0.0;0.0;0.0
400;0;0.0;0.0;3.4;1103568;1792440;35;0.58;14;3.0;0.0;2.0;0.0;1.00;0.0;2.0;6.0;2.0;1.00;2.0;0.0;3.0;2.0;1.00;2.0;1.00;1.00;2.0;1.00;0.0;0.0;0.0;0.0
401;0;0.0;0.0;3.4;1103568;1792440;35;0.46;14;0.90;0.0;2.9;0.0;1.9;0.0;3.9;4.9;2.9;0.0;2.9;0.90;2.9;0.90;2.9;0.90;1.9;0.90;0.90;0.90;0.90;0.0;0.0;0.0
402;0;0.0;0.0;3.4;1103568;1792440;35;0.50;14;1.00;0.0;3.0;0.0;2.0;0.0;2.0;6.0;3.0;1.00;2.0;0.0;3.0;2.0;2.0;2.0;1.00;1.00;2.0;0.0;0.0;0.0;0.0;0.0
403;0;0.0;0.0;3.4;1103568;1792440;35;0.46;14;1.00;0.0;2.0;0.0;2.0;0.0;2.0;6.0;3.0;1.00;4.0;0.0;3.0;2.0;3.0;2.0;2.0;1.00;1.00;0.0;0.0;0.0;0.0;0.0
404;0;0.0;0.0;3.4;1103568;1792440;35;0.50;14;0.90;0.0;0.90;1.9;0.90;0.0;1.9;4.9;1.9;0.0;1.9;0.0;3.9;0.90;2.9;0.90;1.9;1.9;1.9;0.90;0.0;0.0;0.0;0.0
405;0;0.0;0.0;3.4;1103568;1792440;35;0.50;14;0.90;0.0;3.9;0.0;1.9;0.0;0.90;5.9;2.9;0.90;2.9;0.0;2.9;1.9;1.9;1.9;1.9;0.0;0.90;0.90;0.0;0.0;0.0;0.0
406;0;0.0;0.0;3.4;1103568;1792440;35;0.50;14;1.00;0.0;2.0;0.0;1.00;0.0;2.0;5.0;3.0;1.00;4.0;0.0;3.0;1.00;3.0;2.0;2.0;0.0;3.0;2.0;0.0;0.0;0.0;0.0
407;0;0.0;0.0;3.4;1103568;1792440;35;0.42;14;2.0;0.0;1.00;0.0;1.00;0.0;2.0;6.0;3.0;0.0;3.0;0.0;3.0;2.0;3.0;1.00;2.0;2.0;1.00;1.00;0.0;0.0;0.0;0.0
408;0;0.0;0.0;3.4;1103568;1792440;35;0.50;14;0.90;0.0;0.0;0.0;0.90;0.0;1.9;5.9;2.9;0.90;2.9;0.0;3.9;0.90;3.9;1.9;2.9;0.90;0.90;0.90;0.0;0.90;0.0;0.0
409;0;0.0;0.0;3.4;1103568;1792440;35;0.42;14;2.9;0.90;1.9;0.0;0.0;0.0;1.9;4.9;1.9;0.90;2.9;0.0;2.9;1.9;1.9;1.9;0.90;0.90;1.9;0.0;0.0;0.0;0.0;0.0
410;0;0.0;0.0;3.4;1103568;1792440;35;0.42;14;1.00;0.0;3.0;0.0;0.0;0.0;0.0;6.0;3.0;0.0;1.00;0.0;3.0;1.00;4.0;1.00;0.0;0.0;1.00;0.0;0.0;0.0;0.0;0.0
411;0;0.0;0.0;3.4;1103568;1792440;35;0.50;14;1.9;0.0;0.90;0.0;0.0;0.0;0.90;4.9;2.9;0.90;2.9;0.0;1.9;1.9;2.9;1.9;1.9;1.9;1.9;0.90;0.0;0.0;0.90;0.0
412;0;0.0;0.0;3.4;1103568;1792440;35;0.42;14;3.0;0.0;2.0;0.0;0.0;0.0;1.00;6.0;1.00;0.0;3.0;0.0;3.0;1.00;2.0;1.00;1.00;0.0;1.00;0.0;0.0;0.0;0.0;0.0
413;0;0.0;0.0;3.4;1103568;1792440;35;0.46;14;2.9;0.0;0.90;0.0;0.90;0.0;2.9;4.9;1.9;0.0;1.9;0.0;2.9;1.9;2.9;1.9;0.90;0.0;1.9;0.0;0.0;0.0;0.0;0.0
414;0;0.0;0.0;3.4;1103568;1792440;35;0.42;14;3.9;0.0;0.0;0.90;0.90;0.0;2.9;5.9;1.9;0.90;2.9;0.0;1.9;0.90;3.9;1.9;0.90;0.0;0.0;0.90;0.0;0.0;0.90;0.0
415;0;0.0;0.0;3.4;1103568;1792440;35;0.46;14;2.0;0.0;1.00;0.0;1.00;0.0;0.0;6.0;3.0;0.0;3.0;0.0;4.0;2.0;3.0;1.00;3.0;0.0;1.00;1.00;0.0;0.0;0.0;0.0
416;0;0.0;0.0;3.4;1103568;1792440;35;0.46;14;0.0;0.0;1.00;0.0;2.0;0.0;1.00;5.0;3.0;1.00;3.0;0.0;4.0;2.0;3.0;2.0;2.0;1.00;1.00;0.0;0.0;0.0;0.0;0.0
417;0;0.0;0.0;3.4;1103568;1792440;35;0.46;14;0.0;0.0;0.0;0.0;0.0;0.0;0.0;6.0;3.0;0.0;3.0;0.0;5.0;1.00;2.0;2.0;3.0;1.00;1.00;1.00;0.0;0.0;0.0;0.0
418;0;0.0;0.0;3.4;1103568;1792440;35;0.54;14;0.90;0.0;0.0;0.0;0.90;0.0;0.0;4.9;2.9;0.90;2.9;0.0;4.9;1.9;0.90;0.90;1.9;1.9;1.9;1.9;0.90;0.0;0.0;0.0
419;0;0.0;0.0;3.4;1103568;1792440;35;0.58;14;0.0;0.0;0.0;0.0;0.90;0.0;0.0;5.9;3.9;0.0;2.9;1.9;3.9;1.9;1.9;1.9;2.9;0.0;0.90;0.0;0.0;0.0;0.0;0.0
420;0;0.0;0.0;3.4;1103568;1792440;35;0.42;14;0.0;0.0;0.0;0.0;1.9;0.0;1.9;4.9;2.9;0.90;0.90;0.0;3.9;0.90;0.90;0.90;1.9;0.0;0.90;0.0;0.0;0.0;0.90;0.0
421;0;0.0;0.0;3.4;1103568;1792440;35;0.54;14;2.0;0.0;0.0;0.0;2.0;0.0;2.0;6.0;3.0;0.0;3.0;0.0;4.0;2.0;2.0;2.0;1.00;0.0;0.0;1.00;0.0;0.0;2.0;0.0
422;0;0.0;0.0;3.4;1103568;1792440;35;0.42;14;3.0;0.0;0.0;0.0;0.0;0.0;0.0;5.0;3.0;0.0;3.0;0.0;4.0;1.00;1.00;2.0;2.0;1.00;0.0;0.0;0.0;0.0;1.00;0.0
423;0;0.0;0.0;3.4;1103568;1792440;35;0.54;14;0.0;0.0;0.0;0.0;0.0;0.0;0.0;5.9;3.9;0.0;1.9;0.0;4.9;1.9;0.90;0.90;2.9;1.9;0.0;0.90;0.0;0.0;1.9;0.0
424;0;0.0;0.0;3.4;1103568;1792440;35;0.50;14;0.0;0.0;0.0;0.0;0.0;0.0;0.0;5.0;2.0;0.0;3.0;0.0;4.0;3.0;2.0;2.0;4.0;2.0;0.0;0.0;0.0;0.0;1.00;0.0
425;0;0.0;0.0;3.4;1103568;1792440;35;0.46;14;3.0;0.0;1.00;0.0;1.00;0.0;0.0;5.0;2.0;0.0;4.0;0.0;5.0;1.00;1.00;1.00;1.00;1.00;1.00;0.0;0.0;0.0;1.00;0.0
426;0;0.0;0.0;3.4;1103568;1792440;35;0.50;14;3.0;0.0;2.0;0.0;0.0;0.0;1.00;6.0;2.0;0.0;4.0;0.0;4.0;2.0;1.00;2.0;1.00;0.0;0.0;0.0;0.0;0.0;2.0;0.0
427;0;0.0;0.0;3.4;1103568;1792440;35;0.58;14;0.0;3.0;2.0;0.0;0.0;0.0;1.00;6.0;1.00;0.0;2.0;0.0;4.0;2.0;2.0;2.0;2.0;1.00;0.0;0.0;0.0;0.0;1.00;0.0
428;0;0.0;0.0;3.4;1103568;1792440;35;0.67;14;2.9;0.90;2.9;0.0;1.9;0.0;0.90;4.9;1.9;0.90;3.9;0.90;2.9;0.90;0.90;0.90;2.9;0.0;0.0;0.90;0.0;0.0;1.9;0.0
429;0;0.0;0.0;3.4;1103568;1792440;35;0.46;14;0.0;0.0;2.0;0.0;2.0;0.0;0.0;6.0;3.0;0.0;3.0;1.00;3.0;2.0;2.0;2.0;0.0;0.0;0.0;0.0;0.0;0.0;1.00;0.0
430;0;0.0;0.0;3.4;1103568;1792440;35;0.58;14;0.90;0.0;0.90;0.0;2.9;0.0;1.9;4.9;1.9;0.90;2.9;0.0;2.9;1.9;2.9;1.9;2.9;0.90;0.0;0.90;0.0;0.90;0.90;0.0
431;0;0.0;0.0;3.4;1103568;1792440;35;0.46;14;0.0;0.0;0.0;0.0;2.0;0.0;2.0;6.0;1.00;1.00;3.0;0.0;5.0;2.0;3.0;1.00;2.0;2.0;1.00;0.0;1.00;0.0;1.00;0.0
432;0;0.0;0.0;3.4;1103568;1792440;35;0.46;14;0.90;0.0;0.90;0.0;1.9;0.0;1.9;4.9;3.9;0.90;2.9;0.0;2.9;0.90;2.9;1.9;1.9;0.90;0.90;0.90;0.0;0.90;0.90;0.0
433;0;0.0;0.0;3.4;1103568;1792440;35;0.54;14;0.0;0.0;0.0;0.0;2.0;0.0;3.0;6.0;3.0;1.00;4.0;0.0;2.0;2.0;3.0;1.00;2.0;1.00;0.0;0.0;0.0;0.0;1.00;0.0
434;0;0.0;0.0;3.4;1103568;1792440;35;0.46;14;0.0;0.0;1.00;0.0;2.0;0.0;3.0;6.0;4.0;0.0;3.0;0.0;4.0;1.00;2.0;2.0;2.0;2.0;1.00;0.0;1.00;0.0;1.00;0.0
435;0;0.0;0.0;3.4;1103568;1792440;35;0.50;14;0.0;0.0;0.0;0.0;0.0;0.0;0.90;4.9;2.9;0.90;2.9;0.0;4.9;1.9;0.90;1.9;2.9;1.9;1.9;0.90;0.0;0.0;0.0;0.0
436;0;0.0;0.0;3.4;1103568;1792440;35;0.54;14;2.9;0.0;0.90;0.0;0.0;0.0;0.0;5.9;4.9;0.0;3.9;0.0;2.9;1.9;1.9;0.90;2.9;0.90;0.90;0.0;0.0;0.90;0.0;0.90
437;0;0.0;0.0;3.4;1103568;1792440;35;0.62;14;3.0;0.0;1.00;0.0;0.0;0.0;0.0;5.0;2.0;1.00;3.0;1.00;2.0;1.00;2.0;2.0;2.0;0.0;0.0;1.00;0.0;0.0;1.00;0.0
438;0;0.0;0.0;3.4;1103568;1792440;35;0.54;14;0.90;0.0;2.9;0.0;0.0;0.0;0.90;5.9;4.9;0.0;3.9;0.0;2.9;1.9;2.9;1.9;1.9;0.90;0.0;0.0;0.0;0.0;1.9;0.90
439;0;0.0;0.0;3.4;1103568;1792440;35;0.58;14;0.0;0.0;2.0;0.0;0.0;0.0;0.0;5.0;4.0;1.00;3.0;0.0;3.0;2.0;3.0;1.00;2.0;0.0;0.0;0.0;0.0;0.0;1.00;0.0
440;0;0.0;0.0;3.4;1103568;1792440;35;0.54;14;0.90;0.0;2.9;0.0;1.9;0.0;0.0;5.9;0.90;0.0;4.9;0.0;1.9;0.90;3.9;1.9;3.9;2.9;0.90;0.90;0.0;0.0;0.90;0.90
441;0;0.0;0.0;3.4;1103568;1792440;35;0.63;14;2.9;0.90;3.9;0.90;3.9;0.0;4.9;4.9;6.9;1.9;6.9;0.0;7.9;1.9;8.9;1.9;5.9;3.9;2.9;1.9;0.90;0.90;1.9;0.90
442;0;0.0;0.0;3.4;1103568;1792440;35;0.58;14;1.00;0.0;2.0;0.0;1.00;0.0;1.00;6.0;2.0;0.0;3.0;0.0;4.0;2.0;2.0;1.00;4.0;2.0;1.00;1.00;0.0;1.00;1.00;1.00
443;0;0.0;0.0;3.4;1103568;1792440;35;0.50;14;0.0;0.0;2.0;0.0;2.0;0.0;3.0;6.0;4.0;2.0;4.0;0.0;3.0;1.00;3.0;2.0;2.0;1.00;2.0;1.00;1.00;0.0;0.0;2.0
444;0;0.0;0.0;3.4;1103568;1792440;35;0.50;14;0.0;0.0;3.9;0.0;1.9;0.0;1.9;4.9;4.9;0.90;3.9;0.0;2.9;1.9;2.9;1.9;2.9;0.90;0.0;0.0;0.0;0.90;0.0;0.90
445;0;0.0;0.0;3.4;1103568;1792440;35;0.46;14;1.00;0.0;0.0;0.0;2.0;0.0;4.0;6.0;2.0;1.00;3.0;2.0;3.0;1.00;4.0;1.00;3.0;1.00;0.0;0.0;1.00;0.0;0.0;0.0
446;0;0.0;0.0;3.4;1103568;1792440;35;0.50;14;2.9;0.0;0.90;0.0;0.90;0.0;2.9;5.9;2.9;0.0;2.9;0.90;2.9;0.90;2.9;1.9;1.9;0.90;0.90;0.0;0.0;0.0;0.0;1.9
447;0;0.0;0.0;3.4;1103568;1792440;35;0.46;14;1.9;0.90;0.90;0.0;0.0;0.0;3.9;5.9;4.9;0.90;2.9;0.0;5.9;1.9;4.9;1.9;1.9;1.9;0.90;0.90;0.90;0.0;0.0;0.0
448;0;0.0;0.0;3.4;1103568;1792440;35;0.50;14;2.0;0.0;1.00;0.0;3.0;0.0;4.0;6.0;4.0;2.0;5.0;1.00;5.0;2.0;3.0;1.00;1.00;2.0;1.00;1.00;0.0;0.0;0.0;1.00
449;0;0.0;0.0;3.4;1103568;1792440;35;0.50;14;3.0;0.0;0.0;0.0;3.0;0.0;3.0;5.0;2.0;1.00;3.0;0.0;2.0;1.00;2.0;2.0;1.00;0.0;0.0;0.0;1.00;0.0;0.0;1.00
450;0;0.0;0.0;3.4;1103568;1792440;35;0.63;14;0.0;0.90;0.90;0.0;2.9;0.0;0.90;5.9;2.9;0.0;1.9;0.90;0.90;1.9;1.9;1.9;2.9;2.9;0.90;0.90;0.90;0.0;0.0;0.0
451;0;0.0;0.0;3.4;1103568;1792440;35;0.46;14;0.0;0.0;0.90;0.0;0.90;0.0;1.9;5.9;2.9;0.90;2.9;1.9;2.9;0.90;1.9;0.90;1.9;0.0;0.90;0.0;0.90;0.0;0.0;0.90
452;0;0.0;0.0;3.4;1103568;1792440;35;0.54;14;0.0;0.0;0.0;0.0;2.0;0.0;2.0;5.0;3.0;0.0;4.0;2.0;2.0;2.0;3.0;2.0;3.0;0.0;0.0;0.0;0.0;0.0;0.0;2.0
453;0;0.0;0.0;3.4;1103568;1792440;35;0.46;14;3.9;0.0;0.90;0.0;2.9;0.0;2.9;5.9;3.9;1.9;5.9;0.90;4.9;0.90;3.9;1.9;1.9;0.90;0.90;0.0;0.90;0.0;0.0;0.0
454;0;0.0;0.0;3.4;1103568;1792440;35;0.50;14;3.0;0.0;2.0;0.0;2.0;0.0;3.0;6.0;5.0;1.00;4.0;2.0;7.0;2.0;3.0;1.00;4.0;1.00;3.0;1.00;3.0;2.0;2.0;2.0
455;0;0.0;0.0;3.4;1103568;1792440;35;0.46;14;0.0;2.0;3.0;0.0;4.0;0.0;2.0;5.0;4.0;3.0;3.0;2.0;4.0;1.00;2.0;2.0;1.00;0.0;1.00;0.0;1.00;1.00;0.0;0.0
456;0;0.0;0.0;3.4;1103568;1792440;35;0.46;14;0.90;0.0;1.9;0.0;1.9;0.0;2.9;5.9;2.9;0.0;1.9;1.9;1.9;1.9;2.9;1.9;0.90;0.0;0.0;0.90;0.0;0.0;0.0;0.90
457;0;0.0;0.0;3.4;1103568;1792440;35;0.42;14;1.00;0.0;0.0;0.0;2.0;0.0;1.00;5.0;4.0;1.00;1.00;1.00;3.0;1.00;1.00;1.00;1.00;1.00;1.00;0.0;0.0;0.0;0.0;0.0
458;0;0.0;0.0;3.4;1103568;1792440;35;0.58;14;0.0;0.0;0.90;0.0;2.9;0.0;1.9;4.9;3.9;0.0;0.90;1.9;2.9;1.9;0.90;1.9;2.9;0.0;0.0;0.0;0.0;0.0;0.0;0.90
459;0;0.0;0.0;3.4;1103568;1792440;35;0.46;14;0.0;0.0;0.90;0.0;1.9;0.0;1.9;5.9;3.9;0.90;2.9;1.9;1.9;1.9;1.9;1.9;0.90;0.0;0.0;0.0;0.90;0.0;0.0;0.0
460;0;0.0;0.0;3.4;1103568;1792440;35;0.50;14;1.00;0.0;1.00;1.00;3.0;0.0;0.0;5.0;2.0;0.0;1.00;1.00;5.0;1.00;1.00;1.00;1.00;1.00;0.0;0.0;0.0;0.0;0.0;0.0
461;0;0.0;0.0;3.4;1103568;1792440;35;0.54;14;1.00;0.0;1.00;0.0;0.0;0.0;1.00;5.0;4.0;1.00;2.0;2.0;6.0;2.0;2.0;2.0;4.0;2.0;0.0;2.0;0.0;0.0;1.00;0.0
462;0;0.0;0.0;3.4;1103568;1792440;35;0.50;14;1.9;0.90;1.9;0.90;1.9;0.0;2.9;5.9;3.9;0.90;2.9;1.9;1.9;0.90;1.9;0.90;1.9;0.0;0.0;0.0;0.0;0.0;0.0;0.0
463;0;0.0;0.0;3.4;1103568;1792440;35;0.46;14;2.0;1.00;2.0;0.0;2.0;0.0;1.00;5.0;2.0;2.0;3.0;2.0;4.0;2.0;4.0;2.0;3.0;0.0;0.0;1.00;0.0;1.00;0.0;0.0
464;0;0.0;0.0;3.4;1103568;1792440;35;0.50;14;0.0;0.90;2.9;0.0;0.90;0.0;1.9;5.9;1.9;0.90;3.9;0.90;4.9;1.9;1.9;1.9;3.9;2.9;0.90;0.0;0.90;0.0;0.0;0.0
465;0;0.0;0.0;3.4;1103568;1792440;35;0.50;14;1.00;1.00;2.0;0.0;2.0;0.0;2.0;5.0;5.0;0.0;4.0;2.0;4.0;1.00;4.0;1.00;1.00;1.00;0.0;1.00;0.0;0.0;0.0;0.0
466;0;0.0;0.0;3.4;1103568;1792440;35;0.42;14;0.0;1.00;0.0;0.0;0.0;0.0;3.0;6.0;3.0;1.00;2.0;2.0;3.0;2.0;4.0;2.0;2.0;0.0;0.0;0.0;1.00;0.0;0.0;0.0
467;0;0.0;0.0;3.4;1103568;1792440;35;0.50;14;1.00;0.0;3.0;0.0;1.00;0.0;0.0;5.0;2.0;0.0;3.0;2.0;2.0;1.00;2.0;2.0;4.0;2.0;0.0;0.0;0.0;0.0;0.0;0.0
468;0;0.0;0.0;3.4;1103568;1792440;35;0.50;14;1.9;0.0;0.90;0.0;1.9;0.0;0.90;4.9;0.90;0.90;1.9;0.90;1.9;1.9;2.9;1.9;0.90;0.90;0.0;0.0;0.0;0.90;0.0;0.0
469;0;0.0;0.0;3.4;1103568;1792440;35;0.54;14;0.90;0.0;1.9;0.0;0.90;0.90;1.9;5.9;2.9;0.90;1.9;1.9;3.9;0.90;2.9;0.90;1.9;0.90;0.90;1.9;1.9;0.0;0.90;0.0
470;0;0.0;0.0;3.4;1103568;1792440;35;0.58;14;0.0;0.0;4.0;0.0;3.0;0.0;1.00;5.0;7.0;0.0;4.0;2.0;2.0;2.0;3.0;2.0;4.0;4.0;1.00;1.00;3.0;0.0;0.0;0.0
471;0;0.0;0.0;3.4;1103568;1792440;35;0.54;14;1.9;0.0;1.9;0.0;1.9;0.0;1.9;5.9;1.9;0.90;1.9;1.9;3.9;0.90;2.9;1.9;0.90;1.9;0.90;0.90;0.0;1.9;0.90;0.0
472;0;0.0;0.0;3.4;1103568;1792440;35;0.46;14;0.90;0.0;1.9;0.0;1.9;0.0;2.9;4.9;2.9;0.90;2.9;0.90;2.9;1.9;3.9;0.90;1.9;1.9;0.90;0.90;1.9;0.0;0.0;0.0
473;0;0.0;0.0;3.4;1103568;1792440;35;0.54;14;0.0;0.0;1.00;0.0;2.0;0.0;2.0;6.0;2.0;2.0;1.00;2.0;2.0;1.00;3.0;2.0;2.0;3.0;3.0;1.00;1.00;0.0;0.0;1.00
474;0;0.0;0.0;3.4;1103568;1792440;35;0.46;14;2.9;0.0;0.0;0.0;2.9;0.0;2.9;4.9;2.9;0.90;2.9;0.0;3.9;1.9;3.9;1.9;2.9;0.90;0.90;0.0;0.0;0.90;1.9;0.0
475;0;0.0;0.0;3.4;1103568;1792440;35;0.46;14;1.00;0.0;1.00;0.0;4.0;0.0;1.00;6.0;3.0;1.00;4.0;0.0;3.0;2.0;2.0;1.00;2.0;1.00;0.0;1.00;1.00;0.0;1.00;0.0
476;0;0.0;0.0;3.4;1103568;1792440;35;0.42;14;2.0;0.0;0.0;0.0;0.0;0.0;2.0;5.0;3.0;1.00;2.0;0.0;4.0;2.0;2.0;2.0;2.0;0.0;0.0;0.0;0.0;0.0;1.00;0.0
477;0;0.0;0.0;3.4;1103568;1792440;35;0.58;14;0.90;0.0;0.90;0.0;0.0;0.0;1.9;5.9;2.9;0.0;1.9;0.0;2.9;0.90;1.9;0.90;3.9;0.0;0.0;0.90;0.90;0.0;1.9;0.0
478;0;0.0;0.0;3.4;1103568;1792440;35;0.54;14;2.0;0.0;3.0;0.0;1.00;0.0;1.00;5.0;3.0;1.00;2.0;0.0;4.0;2.0;3.0;2.0;1.00;1.00;0.0;0.0;0.0;0.0;1.00;0.0
479;0;0.0;0.0;3.4;1103568;1792440;35;0.50;14;0.90;0.0;1.9;0.0;1.9;0.0;6.9;5.9;4.9;0.90;3.9;0.0;2.9;0.90;3.9;1.9;0.90;1.9;0.90;0.0;0.0;0.0;1.9;0.0
480;0;0.0;0.0;3.4;1103568;1792440;35;0.58;14;3.0;0.0;1.00;0.0;2.0;0.0;2.0;5.0;2.0;1.00;3.0;3.0;2.0;2.0;2.0;1.00;3.0;0.0;0.0;0.0;0.0;0.0;1.00;0.0
481;0;0.0;0.0;3.4;1103568;1792440;35;0.54;14;1.9;0.90;5.9;0.0;3.9;0.0;3.9;5.9;4.9;0.90;4.9;0.90;3.9;1.9;3.9;1.9;3.9;2.9;1.9;1.9;0.0;0.0;0.0;1.9
482;0;0.0;0.0;3.4;1103568;1792440;35;0.50;14;0.0;1.00;1.00;0.0;3.0;0.0;2.0;6.0;3.0;0.0;3.0;2.0;3.0;1.00;2.0;2.0;1.00;0.0;0.0;0.0;1.00;0.0;0.0;0.0
483;0;0.0;0.0;3.4;1103568;1792440;35;0.46;14;0.0;0.90;0.0;0.0;0.90;0.0;2.9;4.9;1.9;0.0;2.9;1.9;2.9;1.9;2.9;0.90;1.9;0.0;0.90;0.90;0.0;0.0;0.0;0.0
484;0;0.0;0.0;3.4;1103568;1792440;35;0.42;14;0.90;0.0;0.90;0.0;0.0;0.0;1.9;5.9;1.9;0.90;2.9;1.9;2.9;0.90;1.9;1.9;1.9;0.90;0.0;0.0;0.0;0.0;0.0;0.0
485;0;0.0;0.0;3.4;1103568;1792440;35;0.50;14;0.90;0.90;0.90;0.0;0.90;0.0;0.90;5.9;0.90;0.0;1.9;0.90;2.9;1.9;1.9;1.9;0.90;2.9;0.90;0.0;0.90;0.0;0.0;0.0
486;0;0.0;0.0;3.4;1103568;1792440;35;0.54;14;0.0;0.0;5.0;0.0;0.0;0.0;1.00;5.0;2.0;1.00;4.0;2.0;1.00;2.0;2.0;1.00;2.0;2.0;1.00;0.0;0.0;0.0;0.0;0.0
487;0;0.0;0.0;3.4;1103568;1792440;35;0.54;14;0.0;1.00;0.0;0.0;0.0;1.00;1.00;5.0;2.0;0.0;4.0;2.0;3.0;2.0;3.0;2.0;3.0;1.00;0.0;0.0;0.0;0.0;0.0;0.0
488;0;0.0;0.0;3.4;1103568;1792440;35;0.50;14;1.00;1.00;1.00;0.0;1.00;0.0;1.00;6.0;7.0;1.00;4.0;2.0;4.0;1.00;3.0;1.00;4.0;2.0;1.00;0.0;0.0;0.0;0.0;0.0
489;0;0.0;0.0;3.4;1103568;1792440;35;0.54;14;0.0;0.90;1.9;0.0;0.90;0.0;1.9;5.9;2.9;1.9;3.9;1.9;3.9;1.9;2.9;1.9;3.9;2.9;0.90;1.9;0.90;0.90;0.90;0.0
490;0;0.0;0.0;3.4;1103568;1792440;35;0.50;14;1.00;1.00;2.0;0.0;0.0;0.0;1.00;5.0;3.0;2.0;2.0;1.00;3.0;1.00;2.0;2.0;5.0;3.0;1.00;1.00;1.00;0.0;0.0;0.0
491;0;0.0;0.0;3.4;1103568;1792440;35;0.46;14;0.90;0.90;1.9;0.0;0.90;0.0;1.9;5.9;2.9;1.9;3.9;1.9;2.9;1.9;5.9;1.9;3.9;1.9;0.90;1.9;0.0;1.9;0.0;0.0
492;0;0.0;0.0;3.4;1103568;1792440;35;0.50;14;0.0;1.00;0.0;0.0;2.0;0.0;0.0;5.0;3.0;2.0;4.0;2.0;4.0;1.00;2.0;1.00;3.0;2.0;1.00;0.0;1.00;0.0;0.0;0.0
493;0;0.0;0.0;3.4;1103568;1792440;35;0.54;14;0.0;0.90;0.0;0.0;1.9;0.0;1.9;5.9;3.9;0.90;2.9;0.90;5.9;1.9;1.9;1.9;2.9;1.9;1.9;1.9;0.0;1.9;0.0;0.0
494;0;0.0;0.0;3.4;1103568;1792440;35;0.50;14;0.0;0.90;0.0;0.0;0.90;0.0;1.9;5.9;3.9;0.90;1.9;1.9;3.9;1.9;2.9;0.90;4.9;2.9;0.90;0.0;0.0;0.0;0.90;0.90
495;0;0.0;0.0;3.4;1103568;1792440;35;0.54;14;0.0;0.90;1.9;0.0;0.0;0.0;5.9;3.9;2.9;0.90;3.9;0.0;4.9;1.9;4.9;1.9;2.9;1.9;0.90;0.90;0.90;0.0;0.0;0.0
496;0;0.0;0.0;3.4;1103568;1792440;35;0.58;14;3.0;0.0;1.00;0.0;4.0;0.0;6.0;3.0;8.0;2.0;4.0;0.0;5.0;1.00;8.0;2.0;5.0;3.0;3.0;1.00;1.00;2.0;1.00;1.00
497;0;0.0;0.0;3.4;1103568;1792440;35;0.46;14;0.90;0.0;0.90;0.0;2.9;0.0;5.9;2.9;3.9;0.90;1.9;0.0;6.9;1.9;4.9;0.90;3.9;1.9;0.0;0.0;0.90;0.90;1.9;0.0
498;0;0.0;0.0;3.4;1103568;1792440;35;0.46;14;0.0;0.0;1.00;0.0;1.00;0.0;7.0;3.0;3.0;1.00;4.0;0.0;3.0;1.00;2.0;2.0;1.00;0.0;0.0;0.0;0.0;0.0;1.00;0.0
499;0;0.0;0.0;3.4;1103568;1792440;35;0.50;14;1.9;0.0;0.0;0.0;0.90;0.0;4.9;2.9;2.9;0.0;1.9;0.0;3.9;1.9;1.9;1.9;0.0;0.0;0.0;0.0;0.0;0.0;0.90;0.0
500;0;0.0;0.0;3.4;1103568;1792440;35;0.50;14;1.9;0.0;0.90;0.0;0.90;0.0;4.9;1.9;0.90;0.90;1.9;0.90;3.9;0.90;1.9;0.90;2.9;0.0;0.0;0.0;0.0;0.90;0.90;0.0
501;0;0.0;0.0;3.4;1103568;1792440;35;0.54;14;1.9;0.0;0.90;0.90;1.9;0.0;2.9;2.9;1.9;2.9;1.9;2.9;0.90;1.9;0.90;1.9;0.90;0.90;0.0;0.90;0.0;0.0;1.9;0.0
502;0;0.0;0.0;3.4;1103568;1792440;35;0.19;14;0.57;0.57;0.95;0.0;0.57;0.0;0.95;0.57;0.57;0.57;0.95;0.57;0.95;0.19;0.57;1.3;0.19;0.19;0.19;0.19;0.19;0.19;0.19;0.19
503;0;0.0;0.0;3.4;1103568;1792440;33;0.062;14;0.050;0.050;0.55;0.050;0.050;0.050;0.55;0.050;0.55;0.55;0.55;0.050;0.55;0.050;2.0;1.5;0.55;0.050;0.050;0.050;0.050;0.050;0.050;0.050
504;0;0.0;0.0;3.4;1103700;1857976;33;0.083;13;0.050;0.050;0.050;2.0;0.050;0.050;0.050;0.050;1.0;0.55;0.55;0.050;0.55;0.050;0.55;1.5;0.050;0.55;0.050;0.55;0.55;0.55;0.050;0.050
#eof
